"country_iso2letter","country_iso3letter","country_name_en","country_name_de","country_flag_utf8_code"
"bg","bgr","Bulgaria","Bulgarien","U+1F1E7 U+1F1EC "
"mm","mmr","Myanmar","Myanmar","U+1F1F2 U+1F1F2 "
"bi","bdi","Burundi","Burundi","U+1F1E7 U+1F1EE "
"by","blr","Belarus","Belarus","U+1F1E7 U+1F1FE "
"kh","khm","Cambodia","Kambodscha","U+1F1F0 U+1F1ED "
"dz","dza","Algeria","Algerien","U+1F1E9 U+1F1FF "
"cm","cmr","Cameroon","Kamerun","U+1F1E8 U+1F1F2 "
"ca","can","Canada","Kanada","U+1F1E8 U+1F1E6 "
"cv","cpv","Cabo Verde","Kap Verde","U+1F1E8 U+1F1FB "
"cf","caf","Central African Republic","Zentral­afrikanische Republik","U+1F1E8 U+1F1EB "
"lk","lka","Sri Lanka","Sri Lanka","U+1F1F1 U+1F1F0 "
"td","tcd","Chad","Tschad","U+1F1F9 U+1F1E9 "
"cl","chl","Chile","Chile","U+1F1E8 U+1F1F1 "
"cn","chn","China","Volksrepublik China","U+1F1E8 U+1F1F3 "
"co","col","Colombia","Kolumbien","U+1F1E8 U+1F1F4 "
"km","com","Comoros","Komoren","U+1F1F0 U+1F1F2 "
"cg","cog","Congo","Kongo, Republik","U+1F1E8 U+1F1EC "
"cd","cod","Congo, Democratic Republic of the","Kongo, Demokratische Republik","U+1F1E8 U+1F1E9 "
"cr","cri","Costa Rica","Costa Rica","U+1F1E8 U+1F1F7 "
"hr","hrv","Croatia","Kroatien","U+1F1ED U+1F1F7 "
"cu","cub","Cuba","Kuba","U+1F1E8 U+1F1FA "
"cy","cyp","Cyprus","Zypern","U+1F1E8 U+1F1FE "
"ad","and","Andorra","Andorra","U+1F1E6 U+1F1E9 "
"cz","cze","Czechia","Tschechien","U+1F1E8 U+1F1FF "
"bj","ben","Benin","Benin","U+1F1E7 U+1F1EF "
"dk","dnk","Denmark","Dänemark","U+1F1E9 U+1F1F0 "
"dm","dma","Dominica","Dominica","U+1F1E9 U+1F1F2 "
"do","dom","Dominican Republic","Dominikanische Republik","U+1F1E9 U+1F1F4 "
"ec","ecu","Ecuador","Ecuador","U+1F1EA U+1F1E8 "
"sv","slv","El Salvador","El Salvador","U+1F1F8 U+1F1FB "
"gq","gnq","Equatorial Guinea","Äquatorialguinea","U+1F1EC U+1F1F6 "
"et","eth","Ethiopia","Äthiopien","U+1F1EA U+1F1F9 "
"er","eri","Eritrea","Eritrea","U+1F1EA U+1F1F7 "
"ee","est","Estonia","Estland","U+1F1EA U+1F1EA "
"ao","ago","Angola","Angola","U+1F1E6 U+1F1F4 "
"fj","fji","Fiji","Fidschi","U+1F1EB U+1F1EF "
"fi","fin","Finland","Finnland","U+1F1EB U+1F1EE "
"fr","fra","France","Frankreich","U+1F1EB U+1F1F7 "
"dj","dji","Djibouti","Dschibuti","U+1F1E9 U+1F1EF "
"ga","gab","Gabon","Gabun","U+1F1EC U+1F1E6 "
"ge","geo","Georgia","Georgien","U+1F1EC U+1F1EA "
"gm","gmb","Gambia","Gambia","U+1F1EC U+1F1F2 "
"de","deu","Germany","Deutschland","U+1F1E9 U+1F1EA "
"ag","atg","Antigua and Barbuda","Antigua und Barbuda","U+1F1E6 U+1F1EC "
"gh","gha","Ghana","Ghana","U+1F1EC U+1F1ED "
"ki","kir","Kiribati","Kiribati","U+1F1F0 U+1F1EE "
"gr","grc","Greece","Griechenland","U+1F1EC U+1F1F7 "
"gd","grd","Grenada","Grenada","U+1F1EC U+1F1E9 "
"az","aze","Azerbaijan","Aserbaidschan","U+1F1E6 U+1F1FF "
"ar","arg","Argentina","Argentinien","U+1F1E6 U+1F1F7 "
"gt","gtm","Guatemala","Guatemala","U+1F1EC U+1F1F9 "
"gn","gin","Guinea","Guinea","U+1F1EC U+1F1F3 "
"gy","guy","Guyana","Guyana","U+1F1EC U+1F1FE "
"ht","hti","Haiti","Haiti","U+1F1ED U+1F1F9 "
"hn","hnd","Honduras","Honduras","U+1F1ED U+1F1F3 "
"hu","hun","Hungary","Ungarn","U+1F1ED U+1F1FA "
"is","isl","Iceland","Island","U+1F1EE U+1F1F8 "
"in","ind","India","Indien","U+1F1EE U+1F1F3 "
"au","aus","Australia","Australien","U+1F1E6 U+1F1FA "
"id","idn","Indonesia","Indonesien","U+1F1EE U+1F1E9 "
"ir","irn","Iran (Islamic Republic of)","Iran","U+1F1EE U+1F1F7 "
"iq","irq","Iraq","Irak","U+1F1EE U+1F1F6 "
"ie","irl","Ireland","Irland","U+1F1EE U+1F1EA "
"il","isr","Israel","Israel","U+1F1EE U+1F1F1 "
"it","ita","Italy","Italien","U+1F1EE U+1F1F9 "
"ci","civ","Côte d'Ivoire","Elfenbeinküste","U+1F1E8 U+1F1EE "
"jm","jam","Jamaica","Jamaika","U+1F1EF U+1F1F2 "
"jp","jpn","Japan","Japan","U+1F1EF U+1F1F5 "
"kz","kaz","Kazakhstan","Kasachstan","U+1F1F0 U+1F1FF "
"af","afg","Afghanistan","Afghanistan","U+1F1E6 U+1F1EB "
"at","aut","Austria","Österreich","U+1F1E6 U+1F1F9 "
"jo","jor","Jordan","Jordanien","U+1F1EF U+1F1F4 "
"ke","ken","Kenya","Kenia","U+1F1F0 U+1F1EA "
"kp","prk","Korea (Democratic People's Republic of)","Korea, Nord","U+1F1F0 U+1F1F5 "
"kr","kor","Korea, Republic of","Korea, Süd","U+1F1F0 U+1F1F7 "
"kw","kwt","Kuwait","Kuwait","U+1F1F0 U+1F1FC "
"kg","kgz","Kyrgyzstan","Kirgisistan","U+1F1F0 U+1F1EC "
"la","lao","Lao People's Democratic Republic","Laos","U+1F1F1 U+1F1E6 "
"lb","lbn","Lebanon","Libanon","U+1F1F1 U+1F1E7 "
"ls","lso","Lesotho","Lesotho","U+1F1F1 U+1F1F8 "
"lv","lva","Latvia","Lettland","U+1F1F1 U+1F1FB "
"lr","lbr","Liberia","Liberia","U+1F1F1 U+1F1F7 "
"ly","lby","Libya","Libyen","U+1F1F1 U+1F1FE "
"li","lie","Liechtenstein","Liechtenstein","U+1F1F1 U+1F1EE "
"bs","bhs","Bahamas","Bahamas","U+1F1E7 U+1F1F8 "
"lt","ltu","Lithuania","Litauen","U+1F1F1 U+1F1F9 "
"lu","lux","Luxembourg","Luxemburg","U+1F1F1 U+1F1FA "
"mg","mdg","Madagascar","Madagaskar","U+1F1F2 U+1F1EC "
"mw","mwi","Malawi","Malawi","U+1F1F2 U+1F1FC "
"my","mys","Malaysia","Malaysia","U+1F1F2 U+1F1FE "
"mv","mdv","Maldives","Malediven","U+1F1F2 U+1F1FB "
"ml","mli","Mali","Mali","U+1F1F2 U+1F1F1 "
"mt","mlt","Malta","Malta","U+1F1F2 U+1F1F9 "
"mr","mrt","Mauritania","Mauretanien","U+1F1F2 U+1F1F7 "
"bh","bhr","Bahrain","Bahrain","U+1F1E7 U+1F1ED "
"mu","mus","Mauritius","Mauritius","U+1F1F2 U+1F1FA "
"mx","mex","Mexico","Mexiko","U+1F1F2 U+1F1FD "
"mc","mco","Monaco","Monaco","U+1F1F2 U+1F1E8 "
"mn","mng","Mongolia","Mongolei","U+1F1F2 U+1F1F3 "
"md","mda","Moldova, Republic of","Moldau","U+1F1F2 U+1F1E9 "
"me","mne","Montenegro","Montenegro","U+1F1F2 U+1F1EA "
"bd","bgd","Bangladesh","Bangladesch","U+1F1E7 U+1F1E9 "
"ma","mar","Morocco","Marokko","U+1F1F2 U+1F1E6 "
"mz","moz","Mozambique","Mosambik","U+1F1F2 U+1F1FF "
"am","arm","Armenia","Armenien","U+1F1E6 U+1F1F2 "
"om","omn","Oman","Oman","U+1F1F4 U+1F1F2 "
"na","nam","Namibia","Namibia","U+1F1F3 U+1F1E6 "
"bb","brb","Barbados","Barbados","U+1F1E7 U+1F1E7 "
"nr","nru","Nauru","Nauru","U+1F1F3 U+1F1F7 "
"np","npl","Nepal","Nepal","U+1F1F3 U+1F1F5 "
"nl","nld","Netherlands","Niederlande","U+1F1F3 U+1F1F1 "
"vu","vut","Vanuatu","Vanuatu","U+1F1FB U+1F1FA "
"nz","nzl","New Zealand","Neuseeland","U+1F1F3 U+1F1FF "
"ni","nic","Nicaragua","Nicaragua","U+1F1F3 U+1F1EE "
"be","bel","Belgium","Belgien","U+1F1E7 U+1F1EA "
"ne","ner","Niger","Niger","U+1F1F3 U+1F1EA "
"ng","nga","Nigeria","Nigeria","U+1F1F3 U+1F1EC "
"no","nor","Norway","Norwegen","U+1F1F3 U+1F1F4 "
"fm","fsm","Micronesia (Federated States of)","Mikronesien","U+1F1EB U+1F1F2 "
"mh","mhl","Marshall Islands","Marshallinseln","U+1F1F2 U+1F1ED "
"pw","plw","Palau","Palau","U+1F1F5 U+1F1FC "
"pk","pak","Pakistan","Pakistan","U+1F1F5 U+1F1F0 "
"pa","pan","Panama","Panama","U+1F1F5 U+1F1E6 "
"pg","png","Papua New Guinea","Papua-Neuguinea","U+1F1F5 U+1F1EC "
"py","pry","Paraguay","Paraguay","U+1F1F5 U+1F1FE "
"pe","per","Peru","Peru","U+1F1F5 U+1F1EA "
"ph","phl","Philippines","Philippinen","U+1F1F5 U+1F1ED "
"pl","pol","Poland","Polen","U+1F1F5 U+1F1F1 "
"pt","prt","Portugal","Portugal","U+1F1F5 U+1F1F9 "
"gw","gnb","Guinea-Bissau","Guinea-Bissau","U+1F1EC U+1F1FC "
"tl","tls","Timor-Leste","Osttimor","U+1F1F9 U+1F1F1 "
"qa","qat","Qatar","Katar","U+1F1F6 U+1F1E6 "
"bt","btn","Bhutan","Bhutan","U+1F1E7 U+1F1F9 "
"ro","rou","Romania","Rumänien","U+1F1F7 U+1F1F4 "
"ru","rus","Russian Federation","Russland","U+1F1F7 U+1F1FA "
"rw","rwa","Rwanda","Ruanda","U+1F1F7 U+1F1FC "
"kn","kna","Saint Kitts and Nevis","St. Kitts und Nevis","U+1F1F0 U+1F1F3 "
"lc","lca","Saint Lucia","St. Lucia","U+1F1F1 U+1F1E8 "
"vc","vct","Saint Vincent and the Grenadines","St. Vincent und die Grenadinen","U+1F1FB U+1F1E8 "
"sm","smr","San Marino","San Marino","U+1F1F8 U+1F1F2 "
"st","stp","Sao Tome and Principe","São Tomé und Príncipe","U+1F1F8 U+1F1F9 "
"bo","bol","Bolivia (Plurinational State of)","Bolivien","U+1F1E7 U+1F1F4 "
"sa","sau","Saudi Arabia","Saudi-Arabien","U+1F1F8 U+1F1E6 "
"sn","sen","Senegal","Senegal","U+1F1F8 U+1F1F3 "
"rs","srb","Serbia","Serbien","U+1F1F7 U+1F1F8 "
"sc","syc","Seychelles","Seychellen","U+1F1F8 U+1F1E8 "
"sl","sle","Sierra Leone","Sierra Leone","U+1F1F8 U+1F1F1 "
"ba","bih","Bosnia and Herzegovina","Bosnien und Herzegowina","U+1F1E7 U+1F1E6 "
"sg","sgp","Singapore","Singapur","U+1F1F8 U+1F1EC "
"sk","svk","Slovakia","Slowakei","U+1F1F8 U+1F1F0 "
"vn","vnm","Viet Nam","Vietnam","U+1F1FB U+1F1F3 "
"si","svn","Slovenia","Slowenien","U+1F1F8 U+1F1EE "
"so","som","Somalia","Somalia","U+1F1F8 U+1F1F4 "
"za","zaf","South Africa","Südafrika","U+1F1FF U+1F1E6 "
"zw","zwe","Zimbabwe","Simbabwe","U+1F1FF U+1F1FC "
"bw","bwa","Botswana","Botswana","U+1F1E7 U+1F1FC "
"es","esp","Spain","Spanien","U+1F1EA U+1F1F8 "
"ss","ssd","South Sudan","Südsudan","U+1F1F8 U+1F1F8 "
"sd","sdn","Sudan","Sudan","U+1F1F8 U+1F1E9 "
"sr","sur","Suriname","Suriname","U+1F1F8 U+1F1F7 "
"sz","swz","Eswatini","Eswatini","U+1F1F8 U+1F1FF "
"se","swe","Sweden","Schweden","U+1F1F8 U+1F1EA "
"ch","che","Switzerland","Schweiz","U+1F1E8 U+1F1ED "
"br","bra","Brazil","Brasilien","U+1F1E7 U+1F1F7 "
"sy","syr","Syrian Arab Republic","Syrien","U+1F1F8 U+1F1FE "
"tj","tjk","Tajikistan","Tadschikistan","U+1F1F9 U+1F1EF "
"th","tha","Thailand","Thailand","U+1F1F9 U+1F1ED "
"tg","tgo","Togo","Togo","U+1F1F9 U+1F1EC "
"to","ton","Tonga","Tonga","U+1F1F9 U+1F1F4 "
"tt","tto","Trinidad and Tobago","Trinidad und Tobago","U+1F1F9 U+1F1F9 "
"ae","are","United Arab Emirates","Vereinigte Arabische Emirate","U+1F1E6 U+1F1EA "
"tn","tun","Tunisia","Tunesien","U+1F1F9 U+1F1F3 "
"tr","tur","Turkey","Türkei","U+1F1F9 U+1F1F7 "
"tm","tkm","Turkmenistan","Turkmenistan","U+1F1F9 U+1F1F2 "
"tv","tuv","Tuvalu","Tuvalu","U+1F1F9 U+1F1FB "
"al","alb","Albania","Albanien","U+1F1E6 U+1F1F1 "
"ug","uga","Uganda","Uganda","U+1F1FA U+1F1EC "
"ua","ukr","Ukraine","Ukraine","U+1F1FA U+1F1E6 "
"mk","mkd","North Macedonia","Nordmazedonien","U+1F1F2 U+1F1F0 "
"eg","egy","Egypt","Ägypten","U+1F1EA U+1F1EC "
"gb","gbr","United Kingdom of Great Britain and Northern Ireland","Vereinigtes Königreich","U+1F1EC U+1F1E7 "
"tz","tza","Tanzania, United Republic of","Tansania","U+1F1F9 U+1F1FF "
"bz","blz","Belize","Belize","U+1F1E7 U+1F1FF "
"us","usa","United States of America","Vereinigte Staaten","U+1F1FA U+1F1F8 "
"bf","bfa","Burkina Faso","Burkina Faso","U+1F1E7 U+1F1EB "
"uy","ury","Uruguay","Uruguay","U+1F1FA U+1F1FE "
"uz","uzb","Uzbekistan","Usbekistan","U+1F1FA U+1F1FF "
"ve","ven","Venezuela (Bolivarian Republic of)","Venezuela","U+1F1FB U+1F1EA "
"ws","wsm","Samoa","Samoa","U+1F1FC U+1F1F8 "
"ye","yem","Yemen","Jemen","U+1F1FE U+1F1EA "
"zm","zmb","Zambia","Sambia","U+1F1FF U+1F1F2 "
"sb","slb","Solomon Islands","Salomonen","U+1F1F8 U+1F1E7 "
"bn","brn","Brunei Darussalam","Brunei","U+1F1E7 U+1F1F3 "
