typecode	aircraft_description	is_military	is_historic	is_government	is_special	is_interesting
A002	IRKUT A-002					
A109	AGUSTA AW-109 Grand					
A119	AGUSTA AW-119 Koala					
A122	AEROTEC A-122 Uirapuru					
A129	AGUSTA AW-129 Mangusta					
A139	AGUSTA AW-139					
A140	HESA 140 Faraz					
A148	ANTONOV An-148					
A149	AGUSTA AW-149					
A158	ANTONOV An-158					
A16	AVIADESIGN A-16 Sport Falcon					
A169	AGUSTA AW-169					
A178	ANTONOV An-178					
A189	AGUSTA AW-189					
A19	AEROPRACT A-19					
A19N	AIRBUS A-319neo					
A20	DOUGLAS A-20 Havoc					
A205	OSKBES-MAI 205					
A20J	SCHLEICHER ASW-20J					
A20N	AIRBUS A-320neo					
A21	AEROPRACT A-21 Solo					
A210	AQUILA A-210					
A211	ALFA-M A-211					
A21N	AIRBUS A-321neo					
A22	SADLER A-22 Piranha					
A223	OSKBES-MAI 223 Kityonok					
A23	AEROPRACT A-23 Dragon					
A25	AEROPRACT A-25 Breeze					
A251	AVIATIK-ALYANS Aleks-251					
A27	AEROPRACT A-27					
A270	AERO Ae-270 Propjet					
A29	AVANTAGE A-29					
A2RT	KAZAN Ansat 2RT					
A306	AIRBUS A-300-600					
A30B	AIRBUS A-300-200					
A31	AVANTAGE A-31 Spectrum					
A310	AIRBUS A-310					
A318	AIRBUS A-318					
A319	AIRBUS A-319					
A320	AIRBUS A-320					
A321	AIRBUS A-321					
A32E	SCHLEICHER ASG-32EL					
A32P	SCHLEICHER ASG-32Mi					
A33	AEROPRACT A-33					
A332	AIRBUS A-330-200					
A333	AIRBUS A-330-300					
A337	AIRBUS A-330-700 Beluga XL					
A338	AIRBUS A-330-800					
A339	AIRBUS A-330-900					
A33E	SCHLEICHER AS-33Me					
A33P	SCHLEICHER AS-33Es					
A342	AIRBUS A-340-200					
A343	AIRBUS A-340-300					
A345	AIRBUS A-340-500					
A346	AIRBUS A-340-600					
A34E	SCHLEICHER AS-34Me					
A35	AVANTAGE A-35 Scanner					
A359	AIRBUS A-350-900					
A35K	AIRBUS A-350-1000					
A37	Cessna 318 Dragonfly					
A388	AIRBUS A-380-800					
A3ST	AIRBUS A-300ST Beluga Super Transporter					
A411	OSKBES-MAI 411					
A5	ICON A-5					
A50	ILYUSHIN A-50					
A500	ADAM A-500 CarbonAero					
A504	AVRO 504 Replica					
A600	ROTORWAY A-600 Talon					
A660	THRUSH S-2R Turbo 660					
A700	ADAM A-700 AdamJet					
A743	ANTONOV An-74-300					
A748	AVRO 748					
A890	OSKBES-MAI 890					
A9	NORTH AMERICAN ROCKWELL A-9 Sparrow Commander					
A900	OSKBES-MAI 900 Acrobat					
A910	OSKBES-MAI 960 Interfly					
AA1	AMERICAN AA-1					
AA37	AEROPRACT A-37					
AA5	AMERICAN AA-5 Tiger					
AAT3	AERO AT-3					
AAT4	AERO AT-4					
AB11	AERO BOERO AB-115					
AB15	AERO BOERO AB-150					
AB18	AERO BOERO AB-180					
AB95	AERO BOERO AB-95					
AC10	FD-COMPOSITES ArrowCopter					
AC11	NORTH AMERICAN ROCKWELL Commander 112/114					
AC31	AVIOCOPTER AC-311					
AC33	AVIOCOPTER AC-313					
AC4	LIGHT WING AC-4					
AC50	NORTH AMERICAN ROCKWELL Commander 500					
AC52	AERO Commander 520					
AC56	AERO Commander 560					
AC5A	NANJING AC-500 Aircar					
AC5M	AVIASTROITEL AC-5M					
AC68	AERO Commander 680					
AC6L	AERO Commander 685					
AC72	AERO Commander 720					
AC80	NORTH AMERICAN ROCKWELL Turbo Commander 680					
AC90	NORTH AMERICAN ROCKWELL Turbo Commander 690/840					
AC95	NORTH AMERICAN ROCKWELL Jetprop Commander 1000					
ACAM	LEZA Air Cam					
ACAR	AUSTER J-5 Autocar					
ACED	POWELL P-70 Acey Deucy					
ACJR	SPENCER Air Car Junior					
ACPL	OPTION AIR Acapella					
ACR2	ACRO SPORT 2					
ACRD	AVIA Accord					
ACRO	ACRO SPORT 1					
ACSR	VICTA Aircruiser					
AD20	BEIJING KEYUAN AD-200					
ADEL	USTINOV Adel					
ADVE	AUSTER J-5 Adventurer					
ADVN	ADVENTURE AIR Adventurer					
AE45	AERO Super Aero 145					
AEA1	AMERICAN EAGLE A-101					
AERK	AERONCA Sea Scout					
AEST	AEROSTAR 600					
AFOX	HALLEY Apollo Fox					
AG02	GATARD AG-02 Poussin					
AG04	GATARD AG-04 Pigeon					
AG1	Apollo AG-1 Gyro					
AG10	CAIGA AG-100					
AG14	ANDERSON-GREENWOOD AG-14					
AG60	CAIGA AG-600 Kunlong					
AGSH	AERO GARE Sea Hawker					
AI10	IKAR AI-10					
AIGT	AUSTER J-5 Aiglet Trainer					
AIRD	BEAGLE A-109 Airedale					
AIRL	AERONIX Airelle					
AJ27	COMAC ARJ-21-700 Xiangfeng					
AK1	AKAFLIEG AK-1					
AKOY	LISA Akoya					
AKRO	STEPHENS Akro					
ALBU	AVIATION DEVELOPMENT Alaskan Bushmaster					
ALC1	ALTAIR COELHO AC-11					
ALGR	FANTASY AIR Allegro					
A3	DOUGLAS A-3 Skywarrior	Y				
A4	DOUGLAS A-4 Skyhawk	Y				
A400	AIRBUS A-400M	Y				
A6	GRUMMAN A-6 Prowler	Y				
AJET	DASSAULT-DORNIER Alpha Jet	Y				
ALH	HINDUSTAN Dhruv					
ALIG	ARION LS-1 Lightning					
ALIZ	BREGUET 1050 Alize					
ALO2	SUD Alouette 2					
ALO3	AEROSPATIALE Alouette 3					
ALPI	AUSTER J-5R Alpine					
ALSL	AIRLONY Skylane					
ALTO	DIRECT FLY Alto					
AM3	AERITALIA-AERMACCHI AM-3 Bosbok					
AMX	AERITALIA-AERMACCHI AMX Ghibli					
AN24	ANTONOV An-24					
AN26	ANTONOV An-26					
AN28	ANTONOV An-28					
AN3	ANTONOV An-3					
AN30	ANTONOV An-30					
AN32	ANTONOV An-32 Sutlej					
AN38	ANTONOV An-38					
AN70	ANTONOV An-70					
AN72	ANTONOV An-74-200					
AN8	ANTONOV An-8					
ANDR	MILLIOUD Andromede					
ANGL	ANGEL 44 Angel					
ANKA	TAI Anka					
ANSN	AVRO 652 Anson					
ANST	KAZAN Ansat					
AP20	AEROPRACT A-20					
AP22	AEROPRACT A-22					
AP24	AEROPRACT A-24					
AP26	AEROPRACT A-26					
AP28	AEROPRACT A-28					
AP32	AEROPRACT A-32					
AP36	AEROPRACT A-36					
APM2	ISSOIRE APM-20 Lionceau					
APM3	ISSOIRE APM-30 Lion					
APM4	ISSOIRE APM-40 Simba					
APUP	AEROPUP					
AR1	SILVERLIGHT American Ranger 1					
AR11	AERONCA 11 Chief					
AR15	AERONCA 15 Sedan					
AR50	AERONCA 50 Chief					
AR5T	AERONCA 50 Tandem					
AR65	AERONCA 65 Super Chief					
AR6T	AERONCA 65 Tandem					
AR79	ARADO Ar-79					
ARCE	SCHEMPP-HIRTH Arcus E					
ARCP	SCHEMPP-HIRTH Arcus M					
ARES	RUTAN Ares					
ARKS	ACEAIR A-200 Aeris					
ARON	GENERAL AVIA F-220 Airone					
ARV1	ARV Super 2					
ARVA	IAI 102/202 Arava					
ARWF	ARROW Sport					
AS02	FFA AS-202 Bravo					
AS14	SCHLEICHER ASK-14					
AS16	SCHLEICHER ASK-16					
AS20	SCHLEICHER ASW-20					
AS21	SCHLEICHER ASK-21					
AS22	SCHLEICHER ASW-22					
AS24	SCHLEICHER ASW-24					
AS25	SCHLEICHER ASH-25					
AS26	SCHLEICHER ASH-26					
AS28	SCHLEICHER ASW-28					
AS29	SCHLEICHER ASG-29					
AS2T	FFA AS-202-32TP Turbine Bravo					
AS30	SCHLEICHER ASH-30					
AS31	SCHLEICHER ASH-31					
AS32	AEROSPATIALE AS-332 Super Puma					
AS3B	AEROSPATIALE AS-332 Super Puma Mk2					
AS50	AEROSPATIALE AS-350 Ecureuil					
AS55	AEROSPATIALE AS-355 Ecureuil 2					
AS65	AEROSPATIALE AS-365 Dauphin 2					
AS80	STARCK AS-80 Holiday					
ASO4	ASSO AEREI 4 Whisky					
ASO5	ASSO AEREI 5 Champion					
ASOX	ASSO AEREI 10 Jewel					
ASTO	TECNAM Astore					
ASTR	GULFSTREAM AEROSPACE Gulfstream G100					
AT1	ANTONIEWSKI AT-1					
AT2P	AIR TRACTOR AT-250					
AT3	AIDC AT-3 Tzu-Chung					
AT3P	AIR TRACTOR AT-301/401					
AT3T	AIR TRACTOR AT-302/402					
AT43	ATR-42-300					
AT44	ATR-42-400					
AT45	ATR-42-500					
AT46	ATR-42-600					
AT5P	AIR TRACTOR AT-501					
AT5T	AIR TRACTOR AT-504					
AT6T	AIR TRACTOR AT-602					
AT72	ATR-72-202					
AT73	ATR-72-212					
AT75	ATR-72-500					
AT76	ATR-72-600					
AT8T	AIR TRACTOR AT-802					
ATAC	AIRCRAFT TECHNOLOGIES Acro 1					
ATG1	ATG 1 Javelin					
ATIS	AIRCRAFT TECHNOLOGIES Atlantis					
ATL	ROBIN ATL					
ATP	BRITISH AEROSPACE ATP					
ATTL	EURONEF ATTL-1					
AU11	BEAGLE-AUSTER E-3 AOP11					
AUJ2	AUSTER J-2 Arrow					
AUJ4	AUSTER J-4 Archer					
AURA	SUNWARD Aurora S60/70					
AUS3	AUSTER AOP3					
AUS4	AUSTER AOP4					
AUS5	AUSTER AOP5					
AUS6	AUSTER AOP6					
AUS7	AUSTER AOP7					
AUS9	AUSTER AOP9					
AV68	M&D FLUGZEUGBAU AVO-68 Samburo					
AVAM	AVID Amphibian					
AVID	AVID Flyer					
AVIN	AVRO Avian					
AVK4	AVTEK 400					
AVLN	AIRMASTER Avalon 680					
AVTR	AERO ADVENTURE Aventura 2					
B06	BELL 206 JetRanger					
B06T	BELL 206 TwinRanger					
B103	BERIEV Be-103 Bekas					
B105	EUROCOPTER BO-105					
B13	AKAFLIEG B-13					
B14A	BELLANCA 14					
B14B	BELLANCA 260					
B14C	BELLANCA 260C					
B150	WINNER B-150					
B18T	BEECH 18 Turbine					
B190	BEECH 1900					
B209	MBB BO-209 Monsun					
B212	BELL 212					
B214	BELL 214					
B222	BELL 222					
B230	BELL 230					
B23E	BRM AERO Bristell B23 Energic					
B305	BRANTLY 305					
B350	BEECHCRAFT Super King Air 350					
B360	YAKOVLEV Bear 360					
B1	ROCKWELL B-1 Lancer	Y				
B17	BOEING B-17 Flying Fortress		Y			
B2	NORTHROP GRUMMAN B-2 Spirit	Y				
B36T	BEECH 36 Turbine Bonanza					
B37M	BOEING 737 MAX 7					
B38M	BOEING 737 MAX 8					
B39M	BOEING 737 MAX 9					
B3XM	BOEING 737 MAX 10					
B407	BELL 407					
B412	BELL 412					
B427	BELL 427					
B429	BELL 429 GlobalRanger					
B430	BELL 430					
B461	BRITISH AEROSPACE 146-100 Statesman					
B462	BRITISH AEROSPACE 146-200 Quiet Trader					
B463	BRITISH AEROSPACE 146-300					
B47G	BELL 47G					
B47J	BELL 47J					
B47T	SOLOY Bell 47					
B505	BELL 505 JetRanger X					
B525	BELL 525 Relentless					
B58T	BEECH 58TC Baron					
B60	BOISAVIA B-60x Mercurey					
B609	BELL-AGUSTA BA-609					
B60T	BEECH 60 Royal Turbine Duke					
B712	BOEING 717-200					
B732	BOEING 737-200					
B733	BOEING 737-300					
B734	BOEING 737-400					
B735	BOEING 737-500					
B736	BOEING 737-600					
B737	BOEING 737-700					
B738	BOEING 737-800					
B739	BOEING 737-900					
B742	BOEING 747-200					
B743	BOEING 747-300					
B744	BOEING 747-400					
B748	BOEING 747-8					
B74R	BOEING 747SR					
B752	BOEING 757-200					
B753	BOEING 757-300					
B762	BOEING 767-200					
B763	BOEING 767-300					
B764	BOEING 767-400					
B772	BOEING 777-200					
B773	BOEING 777-300					
B778	BOEING 777-8					
B779	BOEING 777-9					
B77L	BOEING 777-200LR					
B77W	BOEING 777-300ER					
B788	BOEING 787-8 Dreamliner					
B789	BOEING 787-9 Dreamliner					
B78X	BOEING 787-10 Dreamliner					
BABY	CANADIAN HOME ROTORS Baby Belle					
BALL						
BAR6	BARR Six					
BARC	BUETHE Barracuda					
BASS	BEAGLE B-206					
BBAT	BRADLEY BA-100 Aerobat					
BBIR	HOVEY Beta Bird					
BCA3	BUHL Sport Airsedan					
BCS1	AIRBUS A220-100					
BCS3	AIRBUS A220-300					
BD10	BEDE BD-10 Falcon					
BD12	BEDE BD-12					
BD17	BEDE BD-17 Nuggett					
BD4	BEDE BD-4					
BD5	BEDE BD-5B/D/G					
BD5J	BEDE BD-5J					
BD5T	BEDE BD-5TP					
BDOG	BRITISH AEROSPACE SA-3 Bulldog					
BE10	BEECH 100 King Air					
BE12	BERIEV Be-12 Tchaika					
BE17	BEECH 17 Staggerwing					
BE18	BEECH 18 Expetitor					
BE19	BEECH 19 Sport					
BE20	BEECH 200 Super King Air					
BE22	BEECHCRAFT 220 Denali					
BE23	BEECH 23 Sundowner					
BE24	BEECH 24 Sierra					
BE30	BEECH 300 Super King Air					
BE32	BERIEV Be-32					
BE33	BEECH 33 Bonanza					
BE35	BEECH 35 Starfire Bonanza					
BE36	BEECH 36 Bonanza					
BE40	BEECH 400 Beechjet					
BE4W	BEECH 400XT Beechjet					
BE50	BEECH 50 Excalibur					
BE55	BEECH 55 Baron					
BE56	BEECH 56 Turbo Baron					
BE58	BEECH 58 Baron					
BE60	BEECH 60 Duke					
BE65	BEECH 65 Queen Air					
BE70	BEECH 70 Queen Air					
BE76	BEECH 76 Duchess					
BE77	BEECH 77 Skipper					
BE80	BEECH 80 Queen Air					
BE88	BEECH 88 Queen Air					
BE95	BEECH 95 Travel Air					
BE99	BEECH 99 Airliner					
BE9L	BEECH 90 King Air					
BE9T	BEECH F90 King Air					
BEAR	AVIPRO RB-4 Bearhawk					
BER4	BERIEV A-40 Albatross					
BETA	ROLLASON Beta					
BEVR	ASAP Beaver					
BF19	PODESVA Bf-109G-2					
BILO	PENA Bilouis					
BIPL	EAA Biplane					
BIRD	TAYLOR TA-2/3 Bird					
BISC	BOT AIRCRAFT SC-07 Speed Cruiser					
BK17	EUROCOPTER BK117 C-1/2					
BKUT	BERKUT Berkut					
BL17	BELLANCA 17 Viking					
BL19	BELLANCA 19 Skyrocket					
BL8	BELLANCA 8 Decathlon					
BLBU	AMEUR Baljims					
BLEN	BRISTOL 149 Bolingbroke					
BLKS	AIRCRAFT SPRUCE Baby Lakes					
BM6	MARANDA BM-6 Lark					
BMAN	AAK Bushman					
BN2P	BRITTEN-NORMAN BN-2 Islander					
BN2T	BRITTEN-NORMAN BN-2T Turbine Islander					
BO40	BOEING 40					
BOLT	STEEN Skybolt					
BOOM	RUTAN 202 Boomerang					
BPAT	R&B Bearhawk Patrol					
BPOD	RUTAN 367 BiPod					
BPUM	BDC AERO Puma					
BR23	BRM AERO Bristell B23					
BR54	BARNETT BRC-540					
BR60	BRUMBY 600					
BR61	BRUMBY 610 Evolution					
BR8	BRM AERO Bristell B8					
BRAV	TECNAM P-2004 Bravo					
BRB2	BRANTLY B-2					
BREZ	AEROSTYLE Breezer					
BA11	BAC 1-11					Y
BCAT	GRUMMAN F-8F Bearcat		Y			
BELF	SHORT SC-5 Belfast					Y
BER2	BERIEV Be-200 Altair				Y	Y
BFIT	BRISTOL F-2B Fighter Replica		Y			
BL11	BLERIOT 11 Replica		Y			
BLCF	BOEING 747-400LCF Dreamlifter					Y
BR14	BREGUET 14 Replica		Y			
BROU	MAX HOLSTE Broussard					
BS60	BEECH-SFERMA 60 Marquis					
BSTP	BELL 214 SuperTransport					
BSTR	CUSTOM FLIGHT Bright Star					
BSWN	DRONAMICS Black Swan					
BT36	BEECH B36TC Bonanza					
BTUB	KIMBREL Dormoy Bathtub					
BU20	AIRCRAFT HYDRO-FORMING Bushmaster 2000					
BU31	BUCKER Bu-131 Jungmann					
BU33	BUCKER Bu-133 Jungmeister					
BU81	BUCKER Bu-183 Bestmann					
BUC	HAWKER-SIDDELEY Buccaneer					
BUCA	ADVANCED AEROMARINE Buccaneer					
BULT	BROKAW BJ-250 Bullet					
BUSH	RAINBOW SKYREACH BushCat					
BW60	BLACKWING BW-600					
BW6T	BLACKWING BW-635					
BX2	BRANDLI Cherry					
C02T	CESSNA 402 Turbine					
C04T	CESSNA 404 Turbine					
C06T	CESSNA 206 Turbine					
C07T	CESSNA 207 Turbine					
C08T	SOLOY 208 Pathfinder					
C101	CASA C-101 Aviojet					
C10T	CESSNA P210 Turbine					
C120	CESSNA 120					
C123	FAIRCHILD C-123 Provider					
C125	NORTHROP C-125 Raider					
C140	CESSNA 140					
C14T	CESSNA 414 Turbine					
C150	CESSNA 150					
C152	CESSNA 152					
C162	CESSNA 162 Skycatcher					
C170	CESSNA 170					
C172	CESSNA 172 Skyhawk					
C175	CESSNA 175 Skylark					
C177	CESSNA  177 Cardinal					
C180	CESSNA  180 Skywagon					
C182	CESSNA 182 Skylane					
C185	CESSNA 185 Skywagon					
C188	CESSNA 188 AgTruck					
C190	CESSNA 190					
C195	CESSNA 195					
C205	CESSNA  205					
C206	CESSNA  206 Stationair					
C207	CESSNA 207 Turbo Stationair					
C208	CESSNA 208 Caravan					
C210	CESSNA 201 Centurion					
C212	CESSNA 212 Aviocar					
C21T	CESSNA 421 Turbine					
C22J	CAPRONI VIZZOLA C-22J Ventura					
C240	CESSNA 240 Corvalis TTx					
C25A	CESSNA 525A Citation CJ2					
C25B	CESSNA 525B Citation CJ3					
C25C	CESSNA 525C Citation CJ4					
C25M	CESSNA 525 Citation M2					
C270	CAUDRON C-270 Luciole					
C303	CESSNA T303 Crusader					
C306	CEA-UFMG CEA-306 CB-10 Triathlon					
C309	CEA 309 Mehari					
C310	CESSNA 310					
C311	CEA 311 Anequim					
C320	CESSNA 320 Skyknight					
C335	CESSNA 335					
C336	CESSNA 336 Skymaster					
C337	CESSNA 337 Super Skymaster					
C340	CESSNA 340 Super					
C365	EKW C-3605					
C402	CESSNA 402 Businessliner					
C404	CESSNA 404 Titan					
C408	CESSNA 408 SkyCourier					
C411	CESSNA 411					
C414	CESSNA 414 Chancellor					
C42	IKARUS C-42 Bison					
CMA3	COLYAER Martin 3					
C421	CESSNA 421 Executive Commuter					
C425	CESSNA 425 Corsair					
C441	CESSNA 441 Conquest					
C500	CESSNA 500 Citation 1					
C501	CESSNA 501 Citation 1SP					
C510	CESSNA 510 Citation Mustang					
C525	CESSNA 525 CitationJet					
C526	CESSNA 526 CitationJet					
C550	CESSNA 550 Citation S2					
C551	CESSNA 551 Citation 2SP					
C55B	CESSNA 550B Citation Bravo					
C560	CESSNA 560 Citation Ultra					
C56X	CESSNA 560XL Citation XLS					
C650	CESSNA 650 Citation					
C680	CESSNA 680 Citation Sovereign					
C68A	CESSNA 680 Citation Latitude					
C700	CESSNA 700 Citation Longitude					
C72R	CESSNA 172R Cutlass RG					
C750	CESSNA 750 Citation 10					
C77R	CESSNA 177RG Cardinal RG					
C82	FAIRCHILD C-82 Packet					
C82R	CESSNA R182 Skylane RG					
C82S	CESSNA T182 Turbo Skylane					
C82T	CESSNA TR182 Turbo Skylane RG					
C919	COMAC C-919					
CA12	COMP AIR 12					
CA19	COMMONWEALTH CA-19 Boomerang					
CA1P	COMP AIR 10					
CA1T	COMP AIR 10XLT					
CA25	COMMONWEALTH CA-25 Winjeel					
CA3	COMP AIR 3					
CA4	COM AIR 4					
CA41	CORVUS CA-41 Racer					
CA6	COMP AIR 6					
CA61	CVJETKOVIC CA-61 Mini Ace					
CA65	CVJETKOVIC CA-65 Skyfly					
CA7P	COMP AIR 7P					
CA7T	COMP AIR 7T					
CA8	COMP AIR 8					
CA9	COMP AIR 9					
CABI	UNIVERSAL COMPOSITE Carbon Bird					
CABN	PARAMOUNT Cabinaire					
CAD2	DELISLE Cadi					
CAD4	CLASS Bush Caddy L-160					
CAJ	COMP AIR Jet					
CAMP	GREGA GN-1 Aircamper					
CAN4	CAMPANA AN-4					
CAPL	FLIGHTWORKS Capella					
CAR	Aerocar					
CASS	NATIONAL AERONAUTICS Cassutt 3M					
CAT1	CREATIVE FLIGHT Aerocat SR					
CAT2	CREATIVE FLIGHT Aerocat TR					
CAW	CESSNA AW					
CB1	HATZ CB-1 Classic					
CC11	CUB CRAFTERS CC-11 Carbon Cub					
CC19	CUB CRAFTERS CC-19 XCub					
CD2	CLAUDIUS DORNIER CD-2 Seastar					
CDC6	CESSNA DC-6					
CDUS	AUTOGYRO Calidus					
CDW1	CHILTON DW-1					
CE15	CHERNOV Che-15					
CE22	CHERNOV Che-22 Corvette					
CE23	CHERNOV Che-23					
CE25	CHERNOV Che-25					
CE27	CHERNOV Che-27					
CE43	CERVA CE-43 Guepard					
CEGL	CELAIR Eagle 300					
CELR	MIRAGE Celerity					
CENT	FOUND 100 Centennial					
CFRE	COLYAER Mascato					
CG3	CAUDRON G-3 Replica					
CGAN	COLYAER Gannet					
CH1	AIDX T-CH-1 Chung-Tsing					
CH10	ZENAIR CH-100 Mono-Zenith					
CH12	CIGARE CH-12					
CH14	CIGARE CH-14 Aguilucho					
CH15	ZENAIR CH-150 Acro-Zenith					
CH18	ZENAIR CH-180 Super Acro-Zenith					
CH20	ZENAIR CH-200 Zenith					
CH25	ZENAIR CH-250 Zenith					
CH2T	ZENAIR CH-2000 Zenith					
CH3	CHRISLEA Super Ace/Skyjeep					
CH30	ZENAIR CH-300 Tri-Zenith					
CH40	CHAMPION 402 Lancer					
CH50	ZENAIR CH-50 Mini-Zenith					
CH60	ZENAIR CH-600 Zodiac					
CH62	ZENAIR CH-620 Gemini					
CH64	ZENAIR CH-640 Zodiac					
CH65	ZENAIR CH-650 Zodiac					
CH7	HELI-SPORT CH-7 Kompress					
CH70	ZENAIR CH-701 Stol					
CH75	ZENAIR CH-750 Cruzer					
CH7A	BELLANCA 7 Champion					
CH7B	BELLANCA 7 Citabria					
CH80	ZENAIR CH-801 Stol					
CHAN	CADCOR Chanute					
CHCS	ALPAERO Choucas					
CHGO	KOREAN AIR CHK-91 Chang-Gong					
CHIC	PODESVA Chico					
CHIF	PAWNEE Chief					
CHIN	ASAP Chinook					
CHIP	LEGER Super-Chipmunk					
CHR1	ELMWOOD CA-05 Christavia Mk1					
CHR4	ELMWOOD CH-8 Christavia Mk4					
CHSY	CHAYAIR Sycamore					
CICA	HYDROPLANE Cicada					
CJ1	CORBY CJ-1 Starlet					
CJ6	NANCHANG CJ-6					
CKUO	AIDC F-CK-1 Ching-Kuo					
CL30	BOMBARDIER BD-100 Challenger 300					
CL35	BOMBARDIER BD-100 Challenger 350					
CL41	CANADAIR Tutor					
CL60	BOMBARDIER CL-600 Challenger					
CL8	CARRIOU CL-8 RSA Club					
CLA	CALLAIR A-4					
CLBR	FISHER AERO Celebrity					
CLD2	ROTORTEC Cloud Dancer 2					
CLDS	REARWIN Cloudster					
CLON	AUTOGYRO Cavalon					
CMAS	CESSNA C-165 Airmaster					
CMD1	AIR COMMAND Commander 147					
CMDE	AIR COMMAND Commander Elite					
CMDT	AIR COMMAND Commander Elite 					
CN12	CIRCA Nieuport 12-7/8					
CN35	CASA CN-235 Persuader					
CNBR	BAC Canberra					
CNDR	GENERAL AVIA F-20TP Condor					
CNGP	CESSNA NGP					
CNUK	FLEET 80 Canuck					
CO50	COBALT Co-50 Valkyrie					
COAR	COBRA Arrow					
COBR	DEBORDE-ROLLAND Cobra					
COL3	CESSNA 350 Corvalis					
COL4	CESSNA 400 Corvalis TT					
COLT	TEXAS AIRCRAFT Colt					
COMU	HELICOM H-1 Commuter					
COOT	AEROCAR Super Coot					
CORO	CORVUS Corone					
CORR	SIVEL SD-27 Corriedale					
CORV	WOLFSBERG Corvus					
COUG	ACRO SPORT Cougar					
COUR	HELIO Courier					
COY2	RANS Coyote 2					
COZJ	CO-Z CozyJet					
COZY	CO-Z Cozy					
CP10	CAP AVIATION CAP-10					
CP13	PIEL Super Emeraude					
CP20	MURDY CAP-20					
CP21	MURDY CAP-21					
CP22	AKROTECH G-222					
CP23	MURDY CAP-230/1/2					
CP30	PIEL Emeraude					
CP32	PIEL Super Emeraude					
CP60	PIEL Super Diamant					
CP65	PORTERFIELD CP-65 Collegiate					
CP75	PIEL Beryl					
CP80	PIEL Zephir					
CP90	PIEL Pinocchio 2					
CPNA	PENA Capena					
CPUP	CULP Sopwith Pup					
CR10	DYNAERO CR-120					
CRA1	CRANFIELD Eagle					
CRAC	PLUMB Cracker Jack					
CRBN	CURTISS-ROBERTSON Robin					
CRER	RANS Courier					
CRES	PACIFIC AEROSPACE Cresco					
CRIO	MICROLEVE Corsario					
CRJ1	BOMBARDIER Regional Jet CRJ-100					
CRJ2	BOMBARDIER Regional Jet CRJ-200					
CRJ7	BOMBARDIER Regional Jet CRJ-700					
CRJ9	BOMBARDIER Regional Jet CRJ-900					
CRJX	BOMBARDIER Regional Jet CRJ-1000					
CRUZ	CSA PS-28 Cruiser					
CT4	PACIFIC AEROSPACE CT-4 Airtrainer					
CTAH	RAINBOW SKYREACH Cheetah					
CTLN	FLY SYNTHESIS Catalina					
CUB2	ACES HIGH Cuby 2					
CUCA	CULVER Cadet					
CULP	CULP Special					
CULV	CULVER V					
CULX	FISHER AERO Culex					
CVLP	CONVAIR Convairliner					
CVLT	CANADAIR Cosmopolitan					
CX5	THATCHER CX-5					
CYCL	CARLSON Skycycle					
CYGT	HAWKER Cygnet Replica					
CL2P	CANADAIR CL-215				Y	
D1	DERRINGER New Derringer					
D11	JODEL D-11x/12x					
D139	DORNA D-139 Free Bird					
D140	JODEL D-140 Mousquetaire					
D150	JODEL D-150 Mascaret					
D18	JODEL D-18/19/20					
D201	DAPUZZO D-201 Sportwing					
D21	FOKKER D-21 Replica					
D228	DORNIER 228					
D25	NEW STANDART D-25					
D250	CENTRE EST DR-250 Capitaine					
D253	CENTRE EST DR-253 Regent					
D31	ROLLASON D-31 Turbulent					
D328	DORNIER 328					
D39	AKAFLIEG D-39					
D4	AUSTER D-4					
D5	AUSTER D-5					
D5TU	DRUINE D-5 Turbi					
D6	AUSTER D-6					
D6CR	DRUINE D-62 Condor					
DA2	DAVIS DA-2					
DA36	DIAMOND DA-36 E-Star					
DA40	DIAMOND DA-40 Club Star					
DA42	DIAMOND DA-42 Guardian					
DA5	DAVIS DA-5					
DA50	DIAMOND DA-50 Magnum					
DA62	DIAMOND DA-62					
DAHU	PENA Dahu					
DAKH	FISHER Dakota Hawk					
DAL1	SPEZIO DAL-1 Tuholer					
DAL4	DALLACH D-4 Fascination					
DAL5	DALLACH D-5 Evolution					
DART	PARRISH Dart					
DC10	MCDONNELL DOUGLAS DC-10					
DC91	MCDONNELL DOUGLAS DC-9-10					
DC92	MCDONNELL DOUGLAS DC-9-20					
DC93	MCDONNELL DOUGLAS DC-9-30					
DC94	MCDONNELL DOUGLAS DC-9-40					
DC95	MCDONNELL DOUGLAS DC-9-50					
DEAG	AMAX Double Eagle					
DEFI	RUTAN 40 Defiant					
DELF	LYAVIN Delfin					
DFL6	DAMOURE-FABRE DFL-6 Saphir					
DFLY	VIKING Dragonfly					
DG15	HOWARD Nightingale					
DG1T	DG FLUGZEUGBAU DG-1001T					
DG40	DG FLUGZEUGBAU DG-400					
DG50	DG FLUGZEUGBAU DG-500M					
DG60	DG FLUGZEUGBAU DG-600M					
DG80	DG FLUGZEUGBAU DG-800					
DH2T	DE HAVILLAND DHC-2 Turbo Beaver					
DH3T	DE HAVILLAND DHC-3 Turbo Otter					
DH4T	DE HAVILLAND DHC-4 Turbo Caribou					
DH60	DE HAVILLAND DH-60 Moth					
DH80	DE HAVILLAND DH-80 Puss Moth					
DH82	DE HAVILLAND DH-82 Tiger Moth					
DH83	DE HAVILLAND DH-83 Fox Moth					
DH84	DE HAVILLAND DH-84 Dragon					
DH85	DE HAVILLAND DH-85 Leopard Moth					
DH87	DE HAVILLAND DH-87 Hornet Moth					
DH88	DE HAVILLAND DH-88 Comet Replica					
DH89	DE HAVILLAND Dragon Rapide					
DH8A	DE HAVILLAND DHC-8-100 Dash 8					
DH8B	DE HAVILLAND DHC-8-200 Dash 8					
DH8C	DE HAVILLAND DHC-8-300 Dash 8					
DH8D	DE HAVILLAND DHC-8-400 Dash 8					
DH90	DE HAVILLAND DH-90 Dragonfly					
DH94	DE HAVILLAND DH-94 Moth Minor					
DHA3	DE HAVILLAND DHA-3 Drover					
DHC1	DE HAVILLAND DHC-1 Chipmunk					
DHC2	DE HAVILLAND DHC-2 Beaver					
DHC3	DE HAVILLAND DHC-3 Otter					
DHC4	DE HAVILLAND DHC-4 Caribou					
DHC5	DE HAVILLAND DHC-5 Buffalo					
DHC6	DE HAVILLAND DHC-6 Twin Otter					
DHC7	DE HAVILLAND DHC-7 Dash 7					
DIES	PENNEC-LUCAS Dieselis					
DIJ3	DIJKMAN-DULKES Dijkhastar 3					
DIJ4	DIJKMAN-DULKES Dijkhastar 4					
DIMO	DIAMOND H-36 Dimona					
DINO	GANZAVIA GAK-22 Dino					
DIPR	COLLINS Dipper					
DISC	SCHEMPP-HIRTH Discus					
DJET	DIAMOND D-Jet					
DJIN	SUD-OUEST Djinn					
DLH2	LANGE E-1 Antares DLR-H2					
DNGO	AERORIC Dingo					
DOCX	KOVACH-ELMENDORF ES-3 Docs RX					
DON	UNIKOMTRANSO Don					
DOVE	DE HAVILLAND DH-104 Dove					
DR10	CENTRE EST Ambassadeur					
DR22	CENTRE EST Dauphin					
DR30	CENTRE EST Prince					
DR40	ROBIN DR-400					
DRAG	Dragon Fly					
DRIF	AUSTFLIGHT Drifter					
DRON						
DRTG	CULVER Dart					
DSA1	SMITH DSA-1 Miniplane					
DSK	KILLINGSWORTH DSK-1 Hawk					
DSLK	DRIGGS Skylark					
DT45	DIAMOND Dart-450					
DTA1	VERHEES D-1 Delta					
DTA2	VERHEES D-2 Delta					
DUB2	DUBNA Osa					
DUCE	BAKENG Duce					
DUOD	SCHEMPP-HIRTH Duo Discus					
DUR5	DURAND Mk5					
DV1	DOVA Skylark					
DV2	DOVA Infinity					
DV20	DIAMOND DA-20					
DW1	BELLANCA Eagle					
DWD2	DEWOITINE D-26/27					
DYH2	DYNALI H-2					
E110	EMBRAER EMB-110 Bandeirante					
E120	EMBRAER EMB-120 Brasilia					
E121	EMBRAER EMB-121 Xingu					
E135	EMBRAER ERJ-135					
E145	EMBRAER ERJ-145					
E170	EMBRAER ERJ-170-100					
E190	EMBRAER ERJ-190-100					
E195	EMBRAER ERJ-190-200					
E200	EXTRA EA-200					
E230	EXTRA EA-230					
DO27	DORNIER Do-27		Y			
DO28	DORNIER Do-28B		Y			
DR1	FOKKER Dr-1		Y			
E2	NORTHROP GRUMMAN E-2 Hawkeye	Y				
E275	EMBRAER ERJ-190-500					
E290	EMBRAER ERJ-190-300					
E295	EMBRAER ERJ-190-400					
E29E	BINDER EB-29DE					
E2CB	TAYLOR E-2 Cub					
E300	EXTRA EA-300/330/350					
E314	EMBRAER EMB-314 Super Tucano					
E350	CESSNA E350					
E35L	EMBRAER EMB-135 Legacy					
E400	EXTRA EA-400					
E45X	EMBRAER ERJ-145XR					
E500	EXTRA EA-500					
E50P	EMBRAER EMB-500 Phenom 100					
E530	CESSNA E530 Scorpion					
E545	EMBRAER EMB545 Praetor 500					
E550	EMBRAER EMB-550 Praetor 600					
E55P	EMBRAER EMB-505 Phenom 300					
E75L	EMBRAER ERJ-170-200 (long wing)					
E75S	EMBRAER ERJ-170-200 (short wing)					
E7BH	E-7 GROUP Bush Hog					
EA40	ECLIPSE 400					
EA50	ECLIPSE 550					
EAEA	GROSSO Easy Eagle					
EAGL	CHRISTEN Eagle					
EAGT	AMEAGLE American Eaglet					
EAGX	EAGLE AIRCRAFT Eagle X-TS					
EB29	BINDER EB-29					
EBOY	PETROLINI IAe-20 El Boyero					
EC20	AIRBUS HELICOPTERS EC-120					
EC25	AIRBUS HELICOPTERS EC-225/725					
EC30	AIRBUS HELICOPTERS EC-130					
EC35	AIRBUS HELICOPTERS EC-135/635					
EC45	AIRBUS HELICOPTERS EC-145					
EC55	AIRBUS HELICOPTERS EC-155					
EC6	CROSES EC-6 Criquet					
EC75	AIRBUS HELICOPTERS EC-175					
ECHO	TECNAM P-92 Echo					
EDGE	ZIVKO Edge 540					
EDGT	ZIVKO Edge 540T					
EF2	BYE AEROSPACE eFlyer 2					
EFOX	AEROPRO Eurofox					
EFUS	MAGNUS eFusion					
EGL3	ROTORWAY Eagle 300T					
EGRT	GROB G-520 Strato 1					
EH10	AGUSTA WESTLAND EH-101 Merlin					
EL10	ELA AVIACION ELA-10					
EL20	ELITAR IE-202					
ELA7	ELA AVIACION ELA-7					
ELF	PARNALL Elf					
ELIT	EPIC AIRCRAFT Elite					
ELPS	EXPLORER Ellipse					
ELSP	A2 CZ Ellipse Spirit					
ELST	PUTZER Elster					
ELTO	CONTINENTAL COPTER El Tomcat					
ELTR	ELITAR IE-101					
EM10	MARGANSKI EM-10 Bielik					
EM11	MARGANSKI EM-11 Orka					
EMER						
EN28	ENSTROM F-28					
EN48	ENSTROM TH-28					
EP9	LANCASHIRE EP-9 Prospector					
EPER	Epervier					
EPIC	EPIC AIRCRAFT Epic LT					
EPX1	EPERVIER X-1					
ERAC	DICKEY E-Racer					
ERCO	AIR PRODUCTS F-1 Aircoupe					
ES11	AVIOTECNICA ES-101					
ES13	EARLY BIRD Spad 13					
ESCA	EPIC AIRCRAFT Epic Escape					
ESCP	REALITY Escapade					
ESQL	MOURA Esqualo					
ETA	BINDER Eta					
EUPA	Europa					
EURT	FFT Eurotrainer 2000					
EV55	EVEKTOR EV-55 Outback					
EV97	EVEKTRO EV-97 EuroStar					
EVAN	EVANGEL 4500					
EVIC	EPIC AIRCRAFT Epic Victory					
EVOP	LANCAIR Evolution Piston					
EVOT	LANCAIR Evolution Turbine					
EVSS	EVEKTOR SportStar					
EX5T	EXPLORER 500T					
EXEC	ROTORWAY Exec					
EXEJ	ROTORWAY JetExec					
EXNG	EXTRA NG					
EXPL	MCDONNELL-DOUGLAS MD-900 Explorer					
EXPR	EXPRESS 2000					
EZFL	BLUE YONDER E-Z Flyer					
EZFT	BLUE YONDER Twin E-Z Flyer					
EZHV	BLUE YONDER E-Z Harvard					
EZIK	ISTRA Ezhik					
EZKC	BLUE YONDER E-Z King Cobra					
F1	MITSUBISHI F-1					
F100	FOKKER 100					
F156	FIESELER Fi-156 Storch					
F1FV	AVION F-1 Favorit					
F2	MITSUBISHI F-2					
F260	AERMACCHI SF-260					
F26T	AERMACCHI SF-260T					
F27	FOKKER F-27					
F28	FOKKER F-28					
F2TH	DASSAULT Falcon 2000					
F30	GOLDEN CAR F-30 Brio					
F4	MCDONNELL-DOUGLAS F-4 Phantom 2					
F402	FALCON AIR Falcon 402					
F406	CESSNA F406 Caravan 2					
F41E	AEROSAMARA F-41 Elbrus					
F421	FALCON AIR Falcon 421					
F50	FOKKER 50					
F5SA	IRIAF S-100 Saeghe					
F60	FOKKER 60					
F600	SIAI-MARCHETTI SF-600 Canguro					
F70	FOKKER 70					
F8L	AEROMERE F-8L Falco					
F900	DASSAULT Falcon 900					
FA01	FLAEMING AIR FA-01					
FA02	FLAEMING AIR FA-02					
EFAN	AIRBUS E-Fan					Y
ETAR	DASSAULT Etendard 4	Y				
EUFI	EUROFIGHTER 2000	Y				
F104	LOCKHEED F-104 Starfighter		Y			
F106	CONVAIR QF-106 Delta Dart		Y			
F35	LOCKHEED MARTIN F-35 Lightning 2	Y				
F3F	GRUMMAN F3F Replica		Y			
F5	NORTHROP F-5 Tiger 2	Y				
F8	CHANCE VOUGHT F-8 Crusader		Y			
F86	NORTH AMERICAN F-86 Sabre		Y			
F9F	GRUMMAN F9F Panther		Y			
E390	EMBRAER EMB-390	Y				
FA03	FLAEMING AIR FA-03					
FA04	FLAEMING AIR FA-04					
FA10	DASSAULT Falcon 100					
FA11	FAIRCHILD F-11 Husky					
FA20	DASSAULT Falcon 200					
FA24	FAIRCHILD F-24 Argus					
FA50	DASSAULT Falcon 50					
FA62	FAIRCHILD M-26 Cornell					
FA6X	DASSAULT Falcon 6X					
FA7X	DASSAULT Falcon 7X					
FA8X	DASSAULT Falcon 8X					
FAET	ATEC 321 Faeta					
FALC	AMERICAN AIRCRAFT Falcon XP					
FALM	MILES M-3 Falcon Major					
FANL	RHEIN Fanliner					
FANT	RHEIN Fantrainer					
FB1A	BOWERS Fly Baby 1A					
FB1B	BOWERS Fly Baby 1B					
FB5	EURO-FLY FB-5 Star Light					
FBA2	FOUND FB-2 Bush Hawk					
FBIR	FREEWING Freebird Mk5					
FD2E	FLIGHT DESIGN F-2e					
FDCT	FLIGHT DESIGN CT					
FDF2	FLIGHT DESIGN F-2					
FDMC	FLIGHT DESIGN MC					
FE51	FIGHTER ESCORT WINGS P-51					
FEST	AEROSTART R40S Festival					
FFLO						
FFLY	FAIRY Firefly					
FG01	FARIGOUX Origan					
FGT	MIDWEST AEROSPORT Formula GT					
FH11	FAIRCHILD FH-1100					
FIBO	STARFIRE Firebolt Convertible					
FIKD	FIKE D					
FIKE	FIKE E					
FINC	FLEET Finch					
FJ10	AEROSTART FJ-100					
FJR3	FAJR F-3					
FK12	B&F TECHNIK FK-12 Comet					
FK14	B&F TECHNIK FK-14 Polaris					
FK9	B&F TECHNIK FK-9					
FL3	LOMBARDI FL-3 Aviastarlet					
FL53	METEOR FL-53					
FL54	METEOR FL-54					
FL55	METEOR FL-55					
FLAM	DASSAULT Flamant					
FLCO	LEONARDO Falco					
FLE2	FLEET 2					
FLE7	FLEET 7					
FLIZ	FLITZER Z-1					
FLSH	EURO-FLY Flash					
FLSS	FLYER NG/SS					
FM25	FLYING MACHINES FM-250 Vampire					
FMGO	AAK Flamingo					
FN33	SIAI-MARCHETTI FN-333 Riviera					
FNKB	FUNK B					
FOOF	STEWART JD-2 Foo Fighter					
FORT	FLEET Fort					
FOUG	AEROSPATIALE CM-170 Magister					
FOX	KITFOX					
FOXT	TEAM TANGO Foxtrot-4					
FRBD	NORTHROP GRUMMAN Firebird					
FREE	CABRINHA Free Spirit					
FREL	AEROSPATIALE Super Frelon					
FRNT	SKY RAIDER Frontier					
FRON	FRONTIER MD-2					
FT30	NANJING UNIVERSITY FT-300					
FU24	FLETCHER FU-24					
FUSI	MAGNUS Fusion					
FW02	FLYWHALE FW-2					
FW19	FOUR WINDS 192					
FW21	FOUR WINDS FX-210					
FWSB	FLEETWINGS F-4 Sea Bird					
FX1	INNOVAVIATION FX-1					
G1	G1 AVIATION G-1					
G103	GROB G-103 Twin 3SL					
G109	GROB G-109					
G115	GROB G-115					
G120	GROB G-120					
G12T	GROB G-120TP					
G140	GROB G-140TP					
G150	GULFSTREAM G150					
G159	GRUMMAN Gulfstream 1					
G15T	GROB G-115T Acro					
G160	GROB G-160					
G164	GRUMMAN G-164 Ag-Cat					
G180	GENERAL AIRCRAFT Skyfarer					
G200	AKROTECH G-200					
G202	AKROTECH G-202					
G250	GULFSTREAM G250					
G280	GULFSTREAM G280					
G2CA	GUIMBAL G-2 Cabri					
G2GL	SOKO G-2 Galeb					
G2T1	GREAT LAKES 2T-1					
G3	REMOS Mirage					
G300	AKROTECH G-300					
G44	GRUMMAN G-44 Widgeon					
G46	FIAT G-46					
G4SG	SOKO G-4 Super Galeb					
G59	FIAT G-59					
G64T	GRUMMAN G-164 Turbo Ag-Cat					
G70	GROPPO G-70					
G73	GRUMMAN G-73 Mallard					
G73T	GRUMMAN G-73T Turbo Mallard					
G800	AERODIS Orion					
G850	GROB G-850 Strato 2C					
G96	GRUMMAN G-96 Trader					
G97	SAI G-97 Spotter					
GA10	GIPPSAERO GA-10					
GA20	GIPPSLAND GA-200 Fatman					
GA4C	GULFSTREAM G-7 G400					
GA5C	GULFSTREAM G500					
GA6C	GULFSTREAM G600					
GA7	DAHER-SOCATA TB-360 Tangara					
GA7C	GULFSTREAM G700					
GA8	GIPPSAERO GA-8 Airvan					
GA8C	GULFSTREAM G-8 G800					
GABR	BLACKSHAPE Gabriel					
GALX	GULFSTREAM G200					
GAVI	AERO MERCANTIL Gavilan 358					
GAZL	AEROSPATIALE SA-341 Gazelle					
GB1	GAME COMPOSITES GameBird					
GBSP	BEETS Special					
GC1	GLOBE Swift					
GDUK	ELLISON-MAHON Gweduck					
GEMI	MILES M-65 Gemini					
GENI	IFB E-Genius					
GEPE	AERO SERVICE Guepe 					
GF20	GROB GF-200					
GFLY	SCALED Global Flyer					
GL5T	BOMBARDIER BD-700 Global 5000/5500					
GL7T	BOMBARDIER BD-700 Global 7000/7500					
GLAD	GLOSTER Gladiator					
GLAS	Glasair					
GLEX	BOMBARDIER BD-700 Global 6000/6500					
GLF2	GULFSTREAM 2					
GLF3	GULFSTREAM 3					
GLF4	GULFSTREAM 4					
GLF5	GULFSTREAM 5					
GLF6	GULFSTREAM G650					
GLID						
GLSP	NEW GLASTAR Sportsman 2+2					
GLST	GLASAIR SH-4 GlaStar					
GLTU	STODDARD-HAMILTON Turbine Glasair					
GM01	YALO GM-01 Gniady					
GM17	INTRACOM Viper					
GMGC	IBIS Grand Magic					
GND						
GOBU	BUTTERFLY Golden Butterfly					
GOLF	TECNAM P-96 Golf					
GOOS	QUIKKIT Glass Goose					
GOTR	GOAIR Trainer					
GP1	JIHLAVAN Skyleader GP One					
GP3	OSPREY GP-3 Osprey 2					
GP4	OSPREY GP-4					
GPRO	GENEVATION GenPro					
GR51	CAMERON P-51G Grand 51					
GRAF	LUNDY Graflite					
GRFN	GRIFFON AERO Griffon					
GRIF	CANADA AIR RV Griffin					
GRIZ	AEROTEK Turbo Grizzly					
GSIS	INNOAVIATION Genesis					
GSPN	GROB G-180 SPn Utility Jet					
GUEP	AERO SERVICE Super Guepard					
GURI	AEROMOT Guri					
GX	REMOS GX					
GY10	GARDAN GY-100 Bagheera					
GY20	CAB GY-20 Minicab					
GY30	CAB CY-30 Supercab					
GY80	DAHER-SOCATA GY-80 Horizon					
GYRO						
H12T	Hiller UH-12					
H160	AIRBUS HELICOPTERS H-160					
H2	KAMAN Seasprite					
H202	HB-AIRCRAFT 202 Fledger					
H204	HB-FLUGTECHNIK 204 Tornado					
H207	HB-FLUGTECHNIK 207 Alfa					
H21	VERTOL Work Horse					
H25A	HAWKER SIDDELEY HS-125					
H25B	HAWKER BEECHCRAFT Hawker 750/850					
H25C	RAYTHEON Hawker 1000					
H269	HUGHES Sky Knight					
H40	HOFFMAN H-40					
H43A	KAMAN HH-43 Huskie					
H43B	KAMAN K-600-5 Huskie					
H500	HUGHES 500					
HA2	HOLLMANN Sportster					
HA31	HINDUSTAN HA-31 Basant					
HA4T	RAYTHEON 4000 Hawker Horizon					
HAHU	SINDLINGER HH-1 Hawker Hurricane					
HAR	BRITISH AEROSPACE Harrier					
HAW3	GROEN Hawk 3					
HB21	BRDITSCHKA HB-21 Hobbyliner					
HB23	HB-AIRCRAFT HB-32 Scanliner					
HB3	BRDITSCHKA HB-3					
HD34	HUREL-DUBOIS HD-34					
HDJT	HONDA HondaJet					
HEAD	STEWART SAC-1 Headwind					
HERN	DE HAVILLAND Heron					
HI27	HIRTH Hi-27 Acrostar					
HIGH	JUST JA20 Highlander					
HIND	HAWKER Hind					
HL2	LAMBACH HL-2 Replica					
HLD4	HALBERSTADT D-4 Replica					
HM38	FALCONAR HM-380 Ladybug					
HN70	NICOLLIER Menestrel 2					
HORN	WALLERKOWSKI Hornisse					
HORZ	FISHER Horizon					
HPTR	IDEA Hydropteron					
HPZL	HISTORICAL AIRCRAFT PZL P-11C					
HR10	ROBIN HR-100					
HR20	ROBIN HR-200					
HRM9	ELBIT Hermes 900					
HRNT	AAK Hornet					
HROC	HARMON Rocket					
HRON	IAI Heron Drone					
HSMT	ROTORSMART HeliSmart					
HT16	HINDUSTAN Kiran					
HT2	HINDUSTAN HT-2					
HT32	HINDUSTAN HPT-32 Deepak					
HT34	HINDUSTAN HTT-34					
HT36	HINDUSTAN Sitara					
HT40	HINDUSTAN HTT-40					
HU1	SHENYANG SAILPLANE Seagull					
HU2	SHENYANG SAILPLANE Petrel					
HUML	Hummel Bird					
HUMM	HUMMEL Hummingbird					
HURK	TAI Hurkus					
HUSK	CHRISTEN Husky					
HW4P	GROEN Hawk 4					
HW4T	GROEN Jet Hawk 4T					
HX2	HELOWERKS Wasp					
HYPR	P&M AVIATION HypR					
I103	ILYUSHIN Il-103					
I112	ILYUSHIN IL-112					
I114	ILYUSHIN Il-114					
I115	AISA I-115					
I11B	AISA I-11B Peque					
I153	POLIKARPOV I-153					
I15B	POLIKARPOV I-15bis					
I16	POLIKARPOV I-16					
I22	PZL-MIELEC I-22 Iryda					
I23	PZL-SWIDNIK I-23 Manager					
I3	INERAVIA I-3					
I66	IANNAOTTA I-66 San Francisco					
I828	ICA IAR-828					
IA46	DINFIA IA-46 Ranquel					
IA50	DINFIA IA-50 Guarani 2					
IA51	DINFIA IA-51 Tehuelche					
IA58	FMA IA-58 Pucara					
IA63	FMA IA-63 Pampa					
IFUR	ISAACS Fury					
IL28	ILYUSHIN Il-28					
IL38	ILYUSHIN Il-38					
IMPU	IMPULSE Xturn					
INCQ	INPAER Conquest					
INEC	INPAER Excel					
INEX	INPAER Explorer					
ION	Ion					
IP06	IPE 06 Curucaca					
IP10	IPE 10					
IP26	IPAI 26 Tuca					
IP6A	IPE 06A					
IPAN	EMBRAER EMB-200 Ipanema					
IR21	ICA IAR-821					
IR22	ICA IAR-822					
IR23	ICA IAR-823					
IR24	ICA IAR-824					
IR25	ICA IAR-825 Triumf					
IR27	BUCURESTI IAR-827 Dacic					
IR28	ICA IAR-28MA					
IR31	ICA IAR-831 Pelican					
IR46	IAR 46 Katty					
IR99	AVIOANE IAR-99 Soim					
IRBS	KUBICEK M-4 Irbis					
IS2	INSTYTUT LOTNICTWA IS-2					
IS28	IAR IS-28M2					
ISAT	AEROJAMES Isatis					
ISPT	ISAACS Spitfire					
J1	AUSTER J-1					
J177	AERODYNOS JA-177 Pingouin					
J2	PIPER J-2 Cub					
J3	PIPER J-3 Cub					
J300	ALMS J-300 Joker					
J328	Dornier 328 JET					
J4	PIPER J-4 Cub Coupe					
J400	JIHLAVAN Skyleader 400					
J40E	JIHLAVAN Skyleader 400 Electric					
J4B2	BARNETT J4B2					
J5	PIPER J-5 Cub Cruiser					
J600	JIHLAVAN Skyleader 600					
JAB2	JABIRU J160/170					
JAB4	JABIRU J200-450					
JABI	Jabiru J120					
JACE	ACE Junior Ace					
JAG2	JAG HELICOPTER					
JAJ5	ALPHA J-5 MARCO					
JAJ6	J&AS J-6 Fregata					
JANU	SCHEMPP-HIRTH Janus					
JARO	JACKAROO Thruxton					
JAST	SOKO Jastreb					
JB1	INDEPENDENT X-JB-1 SeaDragon					
JB15	OBERLECHNER JOB-15					
JC01	COUPE JC-01					
JC02	COUPE JC-200					
JCOM	IAI Commodore Jet					
JCRU	AASI Jetcruzer					
JD2	DYKE JD-2 Delta					
JDOE	AMERICAN HOMEBUILDS John Doe					
JE2	EICH JE-2 Gyroplane					
JFOX	EUROALAL Jet Fox					
JH7	XIAN JH-7					
JK05	EKOLOT JK-05					
JL9	GUIZHOU Shanying					
JN76	CAUDRON JN-760 Cyclone Replica					
JPM1	MARIE JPM-01					
JRC1	CHALARD Julcar					
JRO	DTA J-RO					
JS1	HANDLEY PAGE Jetstream 1					
JS1J	JONKER JS-1 Revelation Jet					
JS20	HANDLEY PAGE Jetstream T.Mk.2					
JS2J	JONKER JS-2 Revelation Jet					
JS2P	JONKER JS-2 Revelation Piston					
JS3	CENTURY Jetstream 3					
JS31	BRITISH AEROSPACE Jetstream T.Mk.3					
JS32	BRITISH AEROSPACE Jetstream Super 31					
JS3E	JONKER JS-3 Rapture Electric					
JS3J	JONKER JS-3 Rapture Jet					
JS41	BRITISH AEROSPACE Jetstream 41					
JSQA	GENERAL AVIA F-1300 Jet Squalus					
JSX	SONEX SubSonex					
JT2	TAYLOR Titch					
JUN1	KAMINSKAS RK-1 Jungster 1					
JUN2	KAMINSKAS RK-2 Jungster 2					
JUNR	BOLKOW BO-208 Junior					
JUPI	LAMMER GEYER Jupiter					
K100	DAHER Kodiak 100					
K126	KAMOV Ka-126					
K200	DAHER Kodiak 200					
K209	FAMA K-209 KISS					
K226	KAMOV Ka-226 Sergei					
K250	Kestrel K-250					
K51	KOVACS K-51 Peregrino					
K8	HONGDU K-8 Karakorum					
K900	KODIAK QUEST 200/900					
KA25	KAMOV Ka-25					
KA26	KAMOV Ka-26					
KA27	KAMOV Ka-252					
KA50	KAMOV Ka-50					
KA52	KAMOV Ka-52					
KA62	KAMOV Ka-62					
KAFI	KARI Firefly					
KAK1	KRIEGER AK-1					
KAK3	KRIEGER AK-3					
KAT3	KHRUNICHEV AT-3					
KATB	KARI Twinbee					
KATR	AEROSAMARA Katran					
KEHA	KRESTEL Sport Hawk					
KELA	KELEHER Lark					
KELD	KELLY D					
KERO	REARWIN Ken-Royce					
KEST	FARNBOROUGH F-1 Kestrel					
KF21	KF-21 Boramae					
KFAB	KITPLANES FOR AFRICA Explorer					
KFAS	KITPLANES FOR AFRICA Safari					
KFIS	ANDERSON Kingfisher					
KH4	KAWASAKI KH-4					
KIS2	TRI-R KIS TR-1					
KIS4	TRI-R KIS TR-4					
KITH	BOURDON Kitty Hawk					
KITI	MITCHELL-PROCTER Kittiwake					
KIWI	TWI Kiwi					
KK60	KARI-KEEN Coupe					
KL07	BOLKOW BO-107					
KL10	FLIGHT DEGISN-VESSEL KLA-100					
KL25	KLEMM L-25					
KL35	KLEMM Kl-35					
KLBR	KOLB King Colbra					
KM2	FUJI KM-2					
KMAX	KAMAN K-Max					
KNTW	PAYNE Knight Twister					
KOLL	KOLB Laser					
KP2	JIHLAVAN KP-2 Sova					
KP5	JIHLAVAN KP-5 Skyleader					
KR1	RAND KR-1					
KR2	RAND KR-2					
KR21	KREIDER-REISNER C-6 Challenger					
KR30	EKOLOT Topaz					
KR31	KREIDER-REISNER C-2 Challenger					
KR34	KREIDER_REISNER C-4 Challenger					
KRAG	SOKO J-20 Kraguj					
KRAH	ROCK Kraehe					
KRIC	FLSZ DK-1 Der Kricket					
KSTK	PHOENIX-AVIACOR Kasatik					
KT1	KOREAN AEROSPACE KT-1					
KTOO	AMAX Karatoo					
KZ2	SAI KZ-2					
KZ3	SAI KZ-3					
KZ4	SAI KZ-4					
KZ7	SAI KZ-7					
KZ8	SAI KZ-8					
L11	TEMCO Sedan					
L11E	LUSCOMBE 11E Spartan					
L12	LOCKHEED L-12 Electra Junior					
L13	CONVAIR L-13 Centaur					
L13M	LET L-13 Blanik					
L13S	AEROTECHNIK L-13S Vivat					
L14	LOCKHEED L-14 Super Electra					
L15	HONGDU L-15 Lieying					
L18	LOCKHEED L-18 Lodestar					
L181	ASSOCIATED AIR Liberty 181					
L200	LET L-200 Morava					
L29	AERO L-29 Delfin					
L29A	LOCKHEED L-1329 Jetstar 6/8					
L29B	LOCKHEED L-1329 Jetstar 731					
L37	LOCKHEED L-137 Ventura					
L380	LEDERLIN 380 Ladybug					
L4	CHAIKA L-4					
L40	ORLICAN L-40 Meta Sokol					
L410	LET L-410 Turbolet					
L5	STINSON Sentinel					
L59	AERO L-59					
L6	AEROVOLGA L-6					
L60	ORLICAN L-60 Brigadyr					
L610	LET L-610					
L70	VALMET L-70 Vinka					
L8	LUSCOMBE 8					
L90	VALMET Redigo					
LA25	LAKE LA-250					
LA4	LAKE LA-4/200					
LA60	AERMACCHI AL-60					
LA6T	AERMACCHI AL-60T Turbine Grizzly					
LA8	AEROVOLGA LA-8 Flagman					
LACO	LAVEN LACO-145					
LAE1	LANGE E-1 Antares 20E					
LAKR	LASER Akro Z					
LAKX	AVIA BALTIKA LAK-X					
LAMA	AEROSPATIALE SA-315 Lama					
LAR1	FLARIS LAR-1					
LARK	NORTH AMERICAN ROCKWELL Lark Commander					
LAST	UTVA Lasta					
LBUG	REFLEX Lightning Bug					
LCA	HINDUSTAN Tejas					
LCB	LAIRD LC-1B Commercial					
LCH	HINDUSTAN LCH					
LCR	LAIRD Speedwing					
LEG2	LANCAIR Legacy					
LEGD	PERFORMANCE Legend					
LEOP	CHICHESTER-MILES Leopard					
LESP	LANCAIR ES-P					
LEVI	TAPANEE Levitation 4					
LGEZ	RUTAN Long-EZ					
LGND	AEROPILOT Legend					
LH10	LH AVIATION Ellipse					
LIBE	LIBERTY Bellaire					
LION	GRIFFON Lionheart					
LJ23	LEARJET 23					
LJ24	LEARJET 24					
LJ25	LEARJET 25					
LJ28	LEARJET 29					
LJ31	LEARJET 31					
LJ35	LEARJET 35					
LJ40	LEARJET 40					
LJ45	LEARJET 45					
LJ55	LEARJET 55					
LJ60	LEARJET 60					
LJ70	LEARJET 70					
LJ75	LEARJET 75					
LJ85	LEARJET 85					
LK17	SPORTINE AVIACIJA LAK-17AT					
LK19	SPORTINE AVIACIJA LAK-19T					
LK20	SPORTINE AVIACIJA LAK-20M					
LK7E	LAK-17 FES					
LM5	LOMBARDI LM-5 Aviastar					
LM5X	LIGHT MINIATURE Super Cub					
LM7	LOMBARDI LM-7					
LMC1	CHASLE LMC-1 Sprintair					
LMK1	CATA Oryx					
LN27	FALCOMPOSITE LN-27 Furio					
LN3	FLYGFABRIKEN Seagull					
LNC2	LANCAIR 200-320					
LNC4	LANCAIR 4					
LNCE	LANCAIR ES					
LNP4	LANCAIR PropJet 4					
LNT4	LANCAIR Sentry 4T					
LOCA	AEROLAB LoCamp					
LOVE	LOVING-WAYNE WR-1 Love					
LP1	LOPRESTI LP-1 Fury					
LR2T	LOAD RANGE 2000					
LS10	DG FLUGZEUGBAU LS-10ST					
LS2	HAT LS-2					
LS8	ROLLADEN-SCHNEIDER LS-8T					
LS9	ROLLADEN-SCHNEIDER LS-9					
LSTR	CUSTOM FLIGHT Lite Star					
LUL5	LUCAS L-5					
LUL6	LUCAS L-6					
LUL7	LUCAS L-7					
LUL8	LUCAS L-8					
LV51	LAVIASA Super Master					
LW20	HOWARD HUGHES Speed SP-2000					
LW40	HOWARD HUGHES Speed SP-4000					
LWIN	HOWARD HUGHES Sport 2000					
LX32	LILIENTHAL X-32 Bekas					
LX34	LILIENTHAL X-34 Bekas					
LXR	ELIXIR					
LYNX	AGUSTAWESTLAND AW-159 Super Lynx					
LYSA	WESTLAND Lysander					
M10	MOONEY M-10 Cadet					
M101	MYASISHCHEV M-101 Sokol					
M106	LAMBERT M-106					
M108	LAMBERT M-108					
M10R	MOONEY M-10J					
M110	AVIAT Special					
M15	PZL-MIELEC M-15 Belphegor					
M17	MYASISHCHEV M-17 Stratosfera					
M18	PZL-MIELEC M-18 Dromader					
M18T	PZL-MIELEC M-18T Turbine Dromader					
M1SC	HPA SpeedCruiser					
M2	KUBCEK M-2 Scout					
M200	NORTH AMERICAN ROCKWELL Commander 200					
M203	MYASISHCHEV M-203 Barsuk					
M20P	MOONEY M-20					
M20T	MOONEY M-20T					
M21	PZL-MIELEC M-21 Dromader Mini					
M212	LAMBERT M-212 Mission					
M22	MOONEY M-22 Mustang					
M24	PZL-MIELEC M-24 Dromader Super					
M26	PZL-MIELEC M-26 Iskierka					
M28	PZL-MIELEC M-28 Skytruck					
M2HK	MILES M-2 Hawk Major					
M308	AERMACCHI MB-308					
M326	EMBRAER EMB-326 Xavante					
M345	AERMACCHI M-345					
M346	AERMACCHI M-346 Master					
M360	AIRCRAFT TECHNOLOGIES Meyer-360					
M36J	MATRA Jupiter					
M4	MAULE M-4					
M5	MAULE M-5					
M55	MYASISHCHEV M-55 Geophysica					
M6	MAULE M-6					
M600	PIPER PA-46-600TP					
M7	MAULE M-7					
M74	TEXAS HELICOPTER M-74 Wasp					
M7T	MAULE M-7-420 Turbine					
M8	MAULE M-8					
M9	MAULE M-9					
MA1	EMAIR Paymaster					
MA5	MARQUART MA-5 Charger					
MA60	XIAN MA-60					
MA6H	XIAN MA-60H					
MAGC	IBIS Magic					
MAGI	MILES Magister					
MAGN	AVID Magnum					
MAJR	LUTON Major					
MAKO	LANCAIR Mako					
MAMB	MELBOURNE Mamba					
MAME	BLUE YONDER Merlin					
MAVR	AEA Maverick					
MC01	MONTAER MC-01					
MC10	COLOMBAN Cricri					
MC23	IRKUT MC-21-300					
MC45	MEYERS MAC-145					
MC90	MONOCOUPE 90					
MCOU	CHRIS TENA Mini Coupe					
MCOY	MONTANA Coyote					
MCR1	COLOMBAN Ban-Bi					
MCR4	DYNAERO MCR-2/4					
MCRR	DYNAERO MCR-R180					
MCUL	KMBAL McCullocoupe					
MD11	MCDONNELL-DOUGLAS MD-11					
MD3	MDB MD-3 Swiss Trainer					
MD3R	FLYITALIA MD-3 Rider 					
MD52	MCDONNELL-DOUGLAS MD-520N					
MD60	MCDONNELL-DOUGLAS MD-600N					
MD81	MCDONNELL-DOUGLAS MD-81					
MD82	MCDONNELL-DOUGLAS MD-82					
MD83	MCDONNELL-DOUGLAS MD-83					
MD87	MCDONNELL-DOUGLAS MD-87					
MD88	MCDONNELL-DOUGLAS MD-88					
MD90	MCDONNELL-DOUGLAS MD-90					
MEAD	MEAD Adventure					
MEL2	GARRISON Melmoth 2					
MERK	AVIATION Merkury					
MESS	MILES Messenger					
MEXP	MERLIN Explorer					
MF10	MALMO Vipan					
MF17	SAAB T-17 Supporter					
MGAT	MIKOYAN MiG-AT					
MGIC	WZL3 DEKO-9					
MGNM	AVIATION ENTERPRISES Magnum					
MH02	HONDA-MISSISSIPPI MH-02					
MH20	MITSUBISHI MH-2000					
MH46	AEROSETTE Eclipse					
MI10	MIL Mi-10					
MI14	MIL Mi-14					
MI2	MIL Mi-2					
MI24	MIL Mi-24/25/35					
MI26	MIL Mi-26					
MI28	MIL Mi-28					
MI34	MIL Mi-34					
MI38	MIL Mi-38					
MI4	MIL Mi-4					
MI6	MIL Mi-6/22					
MI8	MIL Mi-8/9/17/19/171/172					
MIDR	ACBA Midour 2					
MIMP	AEROCAR Mini-Imp					
MIMU	BUSHBY Midget Mustang					
MITE	MOONEY M-18					
MJ10	JURC MJ-10					
MJ12	JURCA MJ-12					
MJ2	JURCA MJ-22					
MJ3	JURCA MJ-3 Dart					
MJ4	JURCA MJ-4 Shadow					
MJ5	JURCA MJ-5 Sirocco					
MJ53	JURCA MJ-53 Autan					
MJ55	JURCA MJ-55 Biso					
MJ7	JURCA MJ-7 Gnatsum					
MJ77	JURCA MJ-77 Gnatsum					
MJ8	JURCA MJ-8 1-Nine-0					
MJ9	JURCA MJ-9					
MLER	ALANNE Moottori-Lerche					
MM14	MAGNI M-14 Scout					
MM16	MAGNI M-16 Tandem Trainer					
MM19	MAGNI M-19 Shark					
MM21	MAGNI M-21					
MM22	MAGNI M-22 Voyager					
MM24	MAGNI M-24 Orion					
MMAC	MCCARLEY Mini-Mac					
MMAX	MAD MAX AERO Mad Max					
MMUT	MARA WING Malamut					
MNEX	NORMAN Nordic 8 Mini Explorer					
MOCU	CULP MonoCulp					
MOGO	KINETIC Mountain Goat					
MOL1	MOLNIYA 1					
MON2	MONTANAIR 2180 Spirit					
MONA	MILES M-17 Monarch					
MONI	MONNETT Moni					
MOR2	MORRISEY Nifty					
MOSP	MONG Sport					
MOSQ	DE HAVILLAND DH-98 Mosquito					
MOTO	HUMBERT Moto Du Ciel					
MP02	AERO_KROS Czajka					
MP20	PLAN MP-207 Busard					
MR25	MURPHY SR-2500 Super Rebel					
MR35	MURPHY SR-3500 Super Rebel					
MR3T	MURPHY SR-3500 T-Moose					
MRAI	MONNETT Monerai P					
MRAM	HARMON Mister America					
MRJ7	MITSUBISHI MRJ-70					
MRJ9	MITSUBISHI MRJ-90					
MRMD	CSA M-6 Mermaid					
MRTN	MIRAGE Marathon					
MS1	MYSKY MS-1					
MS18	SOCATA MS-200FG Morane					
MS23	MORANE-SAULNIER MS-230					
MS25	SOCATA MS-200RG Morane					
MS30	SOCATA MS-300 Epsilon 2					
MS31	MORANE-SAULNIER MS-317					
MS73	MORANE-SAULNIER MS-733 Alcyon					
MS76	MORANE-SAULNIER MS-760 Paris					
MSAI	MORANE-SAULNIER MoS-27/29/30					
MSQ2	MACKEY SQ-2					
MT	ROTORSPORT MTOSport					
MT2	MITSUBISHI T-2					
MU2	MITSUBISHI MU-2 Marquise					
MU23	AKAFLIEG Mu-23 Saurier					
MU30	MITSUBISHI MU-300 Diamond					
MUS2	BUSHBY M-2 Mustang 2					
MVN1	MVEN 2 Fermer					
MVRK	PHOENIX Maverick					
METR	GLOSTER Meteor		Y			
MG15	MIKOYAN MiG-15		Y			
MG17	MIKOYAN MiG-17		Y			
MG19	MIKOYAN Mig-19		Y			
MX10	AEROTEC MXP-100 Aventura					
MX1T	WORLD AIRCRAFT Sentinel					
MX2	MXR MX-2					
MX58	AEROTEC MPX-158 Embera					
MX65	AEROTEC MXP-650 Amigo					
MX80	AEROTEC MXP-800 Fantasy					
MXS	MXR MXS					
MY12	MYLIUS MY-102 Tornado					
MY13	MYLIUS MY-103 Mistral					
MYA4	MYASISHCHEV M-4					
MYS4	DASSAULT MD-454A Mystere 4A					
N110	NORD Noralpha					
N120	NORD Norecrin					
N250	NUSANTARA N-250					
N260	NORD Super Broussard					
N3	NOSTALGAIR N-3 Super Pup					
N320	NORD 3202					
N340	NORD 3400					
N3N	NAVAL AIRCRAFT FACTORY N3N					
N5	NANCHANG N-5					
NA40	UNIS NA-40 Bongo					
NAL2	TANEJA NALLA-2 Hansa					
NARN	KOREAN AEROSPACE Naraon					
NAVI	NORTH AMERICAN Navion					
NC85	NORD NC-858					
ND1T	NDN Turbo Firecracker					
NDAC	NORMAND DUBE Aerocruiser					
NDAT	NORMAND DUBE Aerocruiser Turbo 450					
NDIC	NORMAN Nordic					
NG4	BRM AERO NG-4					
NG5	BRM AERO NG-5/6 Bristell					
NG5E	BRM AERO Bristell Energic					
NHCO	NEW HORIZONS Colibri					
NI28	NIEUPORT 28 Replica					
NIBB	AVIAMILANO Nibbio					
NIMB	SCHEMPP-HIRTH Nimbus					
NIPR	AVIONS FAIREY Nipper					
NM5	NAL NM-5					
NMCU	EURO-ENAER EE-10 Eaglet					
NNJA	BEST OFF Nynja					
NOMA	GAF N22/24 Nomad					
NORS	NOORDUYN Norseman					
NPOR	REDFERN Nieuport 24					
NST6	CUSTOM FLIGHT North Star 6 Galaxie					
NSTR	CUSTOM FLIGHT North Star					
NT10	NUWACO T-10					
NXT	NEMESIS NXT					
NXTE	ELECTROFLIGHT NXTE					
O1	CESSNA 305/341 Bird Dog					
O3	LOCKHEED YO-3					
OH1	KAWASAKI OH-1					
OKHO	AERO-STAR Okhotnik					
OM1	MORRISEY OM-1 Bravo					
OMAG	ONEILL Magnum					
OMGA	ISAE Omega 2					
OMLA	OMAC Laser 300					
OMSD	NORTIC Omsider					
ONE	GOGETAIR One					
ONEX	SONEX Onex					
OPCA	BROOKLANDS OA-7 Optica					
OR10	ORION 10					
OR12	ORION SK-12					
OSCR	PARTENAVIA Oscar Charlie					
OUDE	OLYMPIC ULTRALIGHTS Desert Eagle 2					
OVOD	VITEK Ovod					
OZZI	BUCHANAN Ozzie Mozzie					
P06T	TECNAM P-2006T					
P100	POTTIER P-100					
P130	POTTIER P-130					
P136	PIAGGIO P-136					
P148	PIAGGIO P-148					
P149	PIAGGIO P-149					
P180	PIAGGIO P-180 Avanti					
P18T	SMITH AVIATION PA-18T Super Cub					
P19	AVIAMILANO Scricciolo					
P1HH	PIAGGIO Hammerhead					
P208	TECNAM P-2008					
P210	CESSNA P210 Centurion					
P212	TECNAM P-2012 Traveller					
P220	POTTIER P-220 Koala					
P230	POTTIER P-230 Panda					
P27	GRYF P-27 Skyster					
P270	POTTIER P-270 Amster					
P28A	PIPER PA-28-140/150/160/180					
P28B	PIPER PA-28-201T/235/236					
P28R	PIPER PA-28R-180/200/201					
P28S	PIPER PA-28R-201T					
P28T	PIPER PA-28RT-201					
P28U	PIPER PA-28RT-201T Turbo					
P32R	PIPER PA-32R-300/301/301T					
P32T	PIPER PA-32RT-300/300T					
P337	CESSNA P337 Skymaster					
P46T	PIPER PA-46-500TP					
P4Y	CONVAIR P4Y Privateer					
P50	POTTIER P-50 Bouvreuil					
P57	PARTENAVIA P-57 Fachiro 2					
P60	POTTIER P-60 Minacro					
P66P	PIAGGIO P-166					
P66T	PIAGGIO P-166DP1					
P68	PARTENAVIA P-68 Observer					
P68T	PARTENAVIA AP-68 Spartacus					
P70	POTTIER P-70					
P750	PACIFIC AEROSPACE P-750 XStol					
P80	POTTIER P-80					
P82	NORTH AMERICAN P-82 Twin Mustang					
PA11	PIPER PA-11 Cub Special					
PA12	PIPER PA-12 Super Cruiser					
PA14	PIPER PA-14 Family Cruiser					
PA15	PIPER PA-15 Vagabond					
PA16	PIPER PA-16 Clipper					
PA17	PIPER PA-17 Vagabond Trainer					
PA18	PIPER PA-18 Super Cub					
PA20	PIPER PA-20 Pacer					
PA22	PIPER PA-22					
PA23	PIPER PA-23					
PA24	PIPER PA-24 Comanche					
PA25	PIPER PA-25 Pawnee					
PA27	PIPER PA-23-250 Aztec					
PA30	PIPER PA-30 Twin Comanche					
PA31	PIPER PA-31-300/310/325/350/425					
PA32	PIPER PA-32					
PA34	PIPER PA-34 Seneca					
PA36	PIPER PA-36 Pawnee Brave					
PA38	PIPER PA-38 Tomahawk					
PA44	PIPER PA-44 Seminole					
PA46	PIPER PA-46-310/350					
PA47	PIPER PA-47 Piper Jet					
PACE	BELLANCA Skyrocket					
PAGO	ALMS Papango					
PANT	ROTEC Panther					
PAR1	PARADISE P-1/2					
PAR4	PARADISE P-4					
PARA						
PARL	ST:CROIX Pietenpol Aerial					
PAT2	ATAC Patriot 2					
PAT4	PIPER PA-31T3-500					
PAUL	NEIVA Paulistinha					
PAV4	CARTER PAV-4					
PAY1	PIPER PA-31T1-500 Cheyenne 1					
PAY2	PIPER PA-31T2-620 Cheyenne 2					
PAY3	PIPER PA-42-720 Cheyenne 3					
PAY4	PIPER PA-42-1000 Cheyenne 400					
PC12	PILATUS PC-12					
PC21	PILATUS PC-21					
PC24	PILATUS PC-24					
PC6P	PILATUS PC-6 Porter					
PC6T	PILATUS PC-6 Turbo-Porter					
PC7	PILATUS PC-7 Astra					
PC9	PILATUS PC-9 Hudournik					
PCA2	PITCAIRN-CIERVA PCA-2					
PDIG	VSTOL SST-2000 Pairadigm					
PECR	PRO-COMPOSITES Personal Cruiser					
PEGA	GENERAL AVIA Pegaso					
PEGZ	PEGASE AERO Pegazair					
PELI	FLYER Pelican					
PEMB	HUNTING P-66 Pembroke					
PETL	AERO ITBA Petrel					
PETR	EDRA Super Petrel					
PGEE	HOLCOMB Perigee					
PGK1	WESTERN PGK-1 Hirondelle					
PHIL	VTOL AIRCRAFT Phillicopter					
PHIX	Phenix					
PHNX	FREDDOM Phoenix					
PIAE	PIPISTREL Alpha Electro					
PIAT	PIPISTREL Alpha Trainer					
PICO	GENERAL AVIA F-15 Picchio					
PILL	ENAER T35 Pillan					
PINO	GENERAL AVIA F-22 Pinguino					
PIPA	PIPSTREL Panthera					
PISI	PIPSTREL Sinus					
PIT4	PIPSTREL Taurus Electro G4					
PITA	PIPSTREL Taurus 503					
PITE	PIPSTREL Taurus Electro					
PIVE	PIPSTREL Velis Electro					
PIVI	PIPSTREL Virus					
PK11	PIK 11 Tumppu					
PK15	PIK 15 Hinu					
PK18	PIK 18 Sytky					
PK19	PIK 19 Muhinu					
PK20	PIK 20E					
PK21	PIK 21 Super Sytky					
PK23	PIK 23 Towmaster					
PK25	PIK 25 Varttimarkka					
PKAN	UETZ Pelikan					
PL1	PAZMANY Laminar					
PL12	FLIGHT ENGINEERS PL-12 Airtruk					
PL2	PAZMANY PL-2					
PL4	PAZMANY PL-4					
PL9	PAZMANY PL-9 Stork					
PLUS	TAYLORCRAFT Plus					
PNR2	ALPI Pioneer 200					
PNR3	ALPI Pioneer 330					
PNR4	ALPI Pioneer 400					
PNTH	SPORT PERFORMANCE Panther					
PO2	POLIKARPOV Po-2					
PO60	POTEZ Sauterelle					
POLI	ALVAREZ Polliwagen					
PONY	REDA Pony					
PP2	PILATUS P-2					
PP3	PILATUS P-3					
PPRO	HUNTING P-56 Provost					
PRBP	HOWARD HUGHES Pocket Rocket Bipe					
PRBR	HOWARD HUGHES Pocket Rocket Breeze					
PRCE	PERCIVAL Sea Prince					
PREN	PERCIVAL Prentice					
PRET	GM&T Pretty Flight					
PREX	Private Explorer					
PRIM	BLACKSHAPE Prime					
PRM1	RAYTHEON 390 Premier 1					
PROC	PERCIVAL Proctor					
PROT	CSA Parrot					
PROW	MORSE Prowler					
PRPR	HOWARD HUGHES Pocket Rocket XP					
PRTS	SCALED Proteus					
PRXT	PRIVATE EXPLORER T-Explorer					
PSTM	PODESVA Stearman					
PSW4	PZL-SWIDNIK SW-4 Maluch					
PT21	POTTIER P-210 Coati					
PT22	RYAN PT-22 Recruit					
PT70	POTTIER P-170					
PT80	POTTIER P-180					
PTMS	PITTS S-12 Super Stinker					
PTRL	NASH Petrel					
PTS1	PITTS S-1 Special					
PTS2	PITTS S-2 Special					
PTSS	PITTS S-1-11 Super Stinker					
PUL6	PULSAR Super Pulsar 600					
PULR	P&M AVIATION PulsR					
PULS	Pulsar					
PUMA	AEROSPATIALE SA-330 Puma					
PUP	BEAGLE Pup					
PURS	RANS S-11 Pursuit					
PUSH	PRESCOTT Pusher					
PW4	POLITECHNIKA WARSZAWSKA PW-4					
PZ01	PZL-OKECIE PZL-101 Gawron					
PZ02	PZL-OKECIE PZL-102 Kos					
PZ04	PZL-OKECIE PZL-104 Wilga					
PZ05	PZL-OKECIE PZL-105 Flaming					
PZ06	PZL-OKECIE PZL-106 Kruk					
PZ12	PZL-OKECIE PZL-112 Junior					
PZ26	PZL-OKECIE PZL-126 Mrowka					
PZ3T	PZL-OKECIE PZL-130 Orlik					
PZ4M	PZL-OKECIE PZL-104M Wilga 2000					
PZ6T	PZL-OKECIE PZL-106 Turbo Kruk					
Q01	REINER STEMME Q-01					
Q1	GENERAL ATOMICS RQ-1 Predator					
Q25	BOEING MQ-25 Stingray					
Q4	NORTHROP GRUMMAN RQ-4 Global Hawk					
Q5	HONGDU Q-5					
QAIL	AEROSPORT Quail					
QALT	FMP Qualt					
QEST	OMNI-WELD Questor					
QIC2	QUICKIE Q2					
QINT	SCHEMPP-HIRTH Quintus					
QR01	QUERCY CQR-01					
QUAS	QUASAR Lite					
QUIC	Quickie					
R100	ROBIN Aiglon					
R109	KIMBALL Rhino					
R11	RUPERT R-11					
R12	RUPERT R-12 Vimana					
R185	ROCKET 185					
R2	SAU Robert					
R200	ROBIN Alpha					
R22	ROBINSON R-22 Mariner					
R300	ROBIN R-3000/3100/3120/3140					
R4	SIKORSKY Hoverfly					
R44	ROBINSON R-44 Raven					
R66	ROBINSON R-66					
R90F	RUSCHMEYER R-90-230FG					
R90R	RUSCHMEYER R-90-230RG					
R90T	RUSCHMEYER R-90-420AT					
RA14	MARANDA BM-1					
RA17	MARANDA BM-3					
R721	BOEING 727-100RE Super 27					Y
R722	BOEING 727-200RE Super 27					Y
RAF2	ROTARY AIR FORCE RAF-2000					
RAID	SKY RAIDER Super					
RAIL	AEROSPORT Rail					
RALL	SOCATA Rallye					
RANG	NAVION Rangemaster					
RARO	NEW CENTURY Radial Rocket					
RAV3	RAVIN 300					
RAV5	RAVIN 500					
RAZM	SAINT GERMAIN Raz-Mut					
RBEL	MURPHY Rebel					
RC3	REPUBLIC RC-3 Seabee					
RC70	ROCKWELL Commander 700/710					
RCAL	MURPHY Radical					
RD03	DURUBLE RD-03 Edelweiss					
RD20	DENIZE RD-205 Raid Driver					
RDH2	REDFERN DH-2					
RELI	STINSON Reliant					
RENE	Renegade					
REV6	GROEN Revcon 6G					
RF10	FOURNIER RF-10					
RF3	FOURNIER RF-3					
RF4	FOURNIER RF-4					
RF47	FOURNIER RF-47					
RF5	FOURNIER RF-5					
RF6	FOURNIER RF-6					
RF9	FOURNIER RF-9					
RGNT	NEIVA Regente					
RISN	SWISS EXCELLENCE Risen					
RJ03	JUNQUA RJ-03 Ibis					
RJ1H	AVRO RJ-100 Avroliner					
RJ70	AVRO RJ-70 Avroliner					
RJ85	AVRO RJ-85 Avroliner					
RK5	KALINAUSKAS RK-5					
RLU1	RLU Super Breezy					
RMOU	HILLBERG Rotormouse					
RNGR	DAC RangeR					
ROAR	VELOCITY Rocket Racer					
RODS	RIHN One Design					
ROND	LOMBARDI Rondone					
ROSE	MAUPIN Windrose					
RP1	MITSUBISHI RP-1					
RPUP	LITTLE WING Roto-Pup					
RS12	RANS S-12 Super Airaile					
RS18	SPORTAVIA-PUTZER RS-180 Sportsman					
RS20	RANS S-20 Raven					
RS21	RANS S-21 Outbound					
RTA4	RTAF 4 Chandra					
RUBI	SCINTEX Rubis					
RV10	VANS RV-10					
RV12	VANS RV-12					
RV14	VANS RV-14					
RV15	VANS RV-15					
RV3	VANS RV-3					
RV4	VANS RV-4					
RV4T	VANS RV-4T					
RV6	VANS RV-6					
RV7	VANS RV-7					
RV8	VANS RV-8					
RV9	VANS RV-9					
RVAL	DENEL Rooivalk					
RVST	RUPERT Vimana Steel					
RW19	RAGWING RW-19 Stork					
RW20	RAGWING RW-20 Stork					
RW22	RAGWING RW-22 Tiger Moth					
RW26	RAGWING RW-26 Special 2					
RW3	RHEIN RW-3 Multoplane					
RYSA	TECHNOAVIA Rysachok					
RYST	RYAN PT-20					
S05F	SIAI-MARCHETTI S-205-20F					
S05R	SIAI-MARCHETTI S-205-22R					
S1	INTERSTATE S-1 Cadet					
S10	STINSON 10 Voyager					
S107	SPRATT 107					
S108	STINSON 108 Voyager					
S10S	STEMME S-10 Chrysalis					
S11	FOKKER S-11 Instructor					
S12	SPENCER S-12 Air Car					
S122	SKYLINE SL-122 Pchelka					
S12S	STEMME S-12 Twin Voyager					
S15S	STEMME S-15					
S15U	SAFRAN S-15 Patroller					
S160	SUNWARD SA160					
S200	SIPA S-200 Minijet					
S202	SGAU S-202					
S208	SIAI-MARCHETTI S-208					
S21	MACDONALD S-21					
S211	SIAI-MARCHETTI S-211					
S223	MBB 223 Flamingo					
S22T	CIRRUS SR-22T Turbo					
S274	HESA Shahed 274					
S278	HESA Shahed 278					
S285	HESA Shahed 285					
S330	SCHWEIZER 330/333					
S355	SCALED Firebird					
S360	AEROSPATIALE SA-361 Dauphin					
S38	SIKORSKY S-38 Replica					
S39	SIKORSKY S-39					
S4	ARCTIC S-4 Privateer					
S400	SGAU S-400 Kapitan					
S401	SCALED 401 Sierra					
S434	SIKORSKY S-434					
S45	PARTENAIR S-45 Mystere					
S450	AERO-EAST-EUROPE SILA-450					
S6	STEMME S-6					
S601	AEROSPATIALE SN-601 Corvette					
S65C	AEROSPATIALE SA-365C Dauphin 2					
S716	STRATOS 714/716					
S900	SIPA S-901/902/903/904					
S92	SIKORSKY S-92 Helibus					
S97	SIKORSKY S-97 Raider					
SA02	K&S SA-102.5 Cavalier					
SA03	K&S SA-103 Cavalier					
SA04	K&S SA-104 Cavalier					
SA05	K&S SA-105Super Cavalier					
SA10	STOLP SA-100 Starduster					
SA11	STITS SA-11 Playmate					
SA2	ICP SA-2 Rampage					
SA20	BERIEV SA-20					
SA3	STITS SA-3 Playboy					
SA30	STOLP Starduster Too					
SA37	SCHWEIZER SA-2-37 Condor					
SA38	SCHWEIZER SA-2-38A Twin Condor Piston					
SA50	STOLP Starlet					
SA6	STITS SA-6 Flut-R-Bug					
SA6E	SREYA SA-6 Envoy					
SA7	STITS Sky-Coupe					
SA70	STOLP SA-700 Acroduster					
SA75	STOLP SA-750 Acroduster Too					
SA8T	SCHWEIZER SA-2-38B Twin Condor Turbine					
SAB2	KEUTHAN AIRCRAFT Sabre 2					
SABA	PARAVAR PARS Saba					
SABW	AZALEA Saberwing					
SACE	ACRO SPORT Super Ace					
SACR	SMITH Acro Advanced					
SAFF	HALSTED Saffire					
SAH1	TRAGO MILLS SAH-1					
SAKO	RANS S-10 Sakota					
SALB	SKYGEAR Albatross					
SAM	SAM AIRCRAFT Sam					
SAND	SHORT S-25 Sandringham					
SAPH	PIEL Saphir					
SASH	SHARK AIRCRAFT Shark					
SASY	PROTECH Sassy					
SATA	CASA HA-220 Super Saeta					
SAVA	SADLER Vampire					
SAVG	ZLIN AVIATION Savage					
SB05	SAAB 105					
SB1	SIKORSKY Defiant					
SB20	SAAB 2000					
SB29	SAAB 29					
SB7	SEABIRD SB-7 Seeker					
SB91	SAAB 91 Safir					
SBD	DOUGLAS SBD Dauntless					
SBLS	SLIPSTREAM SkyBlaster					
SBM3	E&K SBM-03 Kos					
SBOY	INTERPLANE Skyboy					
SBR1	NORTH AMERICAN Sabre 40/50/60/65					
SBR2	NORTH AMERICAN Sabre 75/80					
SC01	FFT Speed Canard					
SC7	SHORT Skyvan					
SCAM	AEROSPORT Scamp					
SCEP	SLIPSTREAM Scepter					
SCII	SPORT COPTER 2					
SCOM	SKYGEAR Comet					
SCOR	ROTORWAY Scorpion					
SCOU	WESTLAND Scout					
SCRO	AKAFLIEG Schlacro					
SCTR	FLAGLOR Scooter					
SCUB	AERO KUHLMANN Scub					
SCW1	SCWAL 101					
SD2	SPACEK SD-2 Sportmaster					
SD26	SKYDANCER SD-260					
SD4	TOMARK Viper					
SDUS	STOLP Super Starduster					
SE5A	RAF SE-5A Replica					
SE5R	REPLICA PLANS SE-5A Replica					
SEAT	SEAWIND Turbine Seawind					
SEAW	Seawind					
SERA	SERVOPLANT Aerocraft					
SERV						
SEST	SeaStar					
SF2	VIKING SF-2 Cygnet					
SF23	SCHEIBE SF-23 Sperling					
SF24	SCHEIBE SF-24 Motorspatz					
SF25	SCHEIBE SF-25 Falke					
SF27	SCHEIBE SF-27M					
SF28	SCHEIBE SF-28 Tandem Falke					
SF31	SCHEIBE SF-31 Milan					
SF32	SCHEIBE SF-32					
SF34	SAAB 340					
SF35	SCHEIBE SF-35					
SF36	SCHEIBE SF-36					
SF50	CIRRUS SF-50 Vision					
SG37	SCHWEIZER SGM-2-37					
SG70	GLASS STOLGlass					
SG92	TECHNOAVIA Turbo Finist					
SGRA	SG AVIATION Rally					
SGUP	AERO SPACELINES Super Guppy					
SH09	KOPTER SH-09					
SH33	SHORT 330 Sherpa					
SH4	SILVERCRAFT SH-4					
SH5	HARBIN SH-5					
SHAC	AVRO Shackleton					
SHAK	FREEDOM MASTER Air Shark					
SHEA	SEAFLIGHT Shearwater					
SHEK	RANS S-16 Shekari					
SHER	SHERPA C-400					
SHIP						
SHOE	MERCURY Shoestring					
SHOP	SALVAY-STARK Skyhopper					
SHOR	HIGER CLASS Super Hornet					
SHRK	SHARK AERO Shark					
SHRT	SHERPA K-650T					
SIDE	SMYTH Sidewinder					
SIGM	ELITAR Sigma					
SILH	LUNDS TEKNISKE Silhouette					
SIR2	RHEIN Sirius 2					
SIRA	TECNAM P-2002 Sierra					
SJ30	SWEARINGEN SJ-30					
SJET	EXCEL-JET Sport-Jet 2					
SK10	SKYETON Swift					
SK70	STARKRAFT SK-700					
SKAR	III Sky Arrow					
SKIF	AEROLITES AeroSkiff					
SKIM	COLONIAL Skimmer					
SKRA	BEST OFF Sky Ranger					
SKYC	OMA SUD Skycar					
SKYO	SKYOTE AEROMARINE Skyote					
SKYR	REARWIN Skyranger					
SL1	STAR-LITE SL-1 Star-Lite					
SL39	MAPO SL-39					
SL90	AVIAOTECHNICA SL90 Leshii					
SLCH	SCALED 351 Stratolaunch					
SLG2	AIRPLANE FACTORY Sling 2					
SLG4	AIRPLANE FACTORY Sling 4					
SLH4	SLING 4 High Wing					
SLK3	SLICK 360					
SLK5	SLICK 540					
SM01	STERN-MALLICK Vega					
SM19	SIAI-MARCHETTI SM-1019					
SM20	TECHNOAVIA SM-2000					
SM60	STINSON SM-6000T Tri-Motor					
SM92	ZLIN Z-400 Rhino					
SMAX	AIRMAX M-22 SeaMax					
SMB2	DASSAULT Super Mystere B2					
SNAD	SNOBIRD Adventurer					
SNAP	TECNAM Snap					
SNGY	LANCAIR Calima					
SNOS	VSR SR-1 Snoshoo					
SNS2	SORRELL Guppy					
SNS7	SORRELL Hiperbipe					
SNS9	SORRELL EXP-2					
SNTA	AIRSPORT Sonata					
SOK2	SOKO 2					
SOKL	MRAZ Sokol					
SOL1	SOLAR IMPULSE 1					
SOL2	SOLAR IMPULSE 2					
SOLI	RUTAN Solitaire					
SONX	SONEX AIRCRAFT Sonex					
SORA	ACS Sora					
SP20	MICCO SP-20/26					
SP33	SPECTRUM S-33 Independence					
SP55	TECHNOAVIA SP-55					
SP6E	SAUSER P-6E Replica					
SP7	SPARTAN 7 Executive					
SP91	TECHNOAVIA SP-91 Slava					
SP95	TECHNOAVIA SP-95					
SPA2	STARK-TREFETHEN Sport-Aire 2					
SPAR	III Speed Arrow					
SPC2	SPECTER 2					
SPDR	REARWIN Speedster					
SPEL	LOEHLE Spitfire Elite					
SPGY	AIRCRAFT DESIGN Sportster Gyro					
SPHA	AMERICAN AUTOGYRO Spinus					
SPIR	QUESTAIR Spirit					
SH36	SHORT 360					Y
SHAW	HAWKER Sea Hawk		Y			
SPOR	AMAY Sport 1700					
SPR2	CARLSON Sparrow 2					
SPRT	PRACTAVIA Sprite					
SPST	REARWIN Sportster					
SPUP	SOPWITH Pup Replica					
SQ2T	KLS COMPOSITES SQ-2000					
SQES	SLIPSTREAM SkyQuest					
SR01	EURODISPLAY SR-01 Magic					
SR20	CIRRUS SR-20					
SR22	CIRRUS SR-22					
SRAC	Sport Racer					
SRAI	GREAT PLAINS Sonerai					
SRAS	DAPUZZO Senior Aero Sport					
SRAY	DORNIER Do-S S-Ray					
SREY	PROGRESSIVE AERODYNE SeaRey					
SS2P	ROCKWELL Thrush Commander					
SS2T	TRUSH Turbo Thrush 500/550					
SSAB	NORTH AMERICAN F-100 Super Sabre					
SSC	BUTTERFLY Super Sky Cycle					
SSTL	JUST JA30 SuperSTOL					
SSTM	SG-AVIATION Sea Storm					
ST1	PHILLIPS Speedtwin					
ST10	SOCATA ST-10 Super Horizon					
ST3	STEARMAN C-3					
ST30	STAUDACHER S-330					
ST4	STEARMAN Speedmail					
ST50	ISRAVIATION ST-50					
ST6	STEARMAN YPT-9					
ST60	STAUDACHER S-600					
ST75	STEARMAN Kaydet					
ST87	STERN ST-87 Europlane					
STAL	AIRCRAFT DESIGN Super Stallion					
STAR	RAYTHEON 2000 Starship					
STAT	AIRCRAFT DESIGN Turbine Stallion					
STCH	FLY SYNTHESIS Storch					
STFF	STATLER Firefly					
STG2	RANS Stinger 2					
STIL	TERZI T-9 Stiletto					
STLN	HELIO Stallion					
STOR	STORCH AVIATION Super Storch					
STR2	STROJNIK S-2					
STRA	STRIPLIN Sky Ranger					
STRE	TL ULTRALIGHT Stream					
STRI	SOPWITH Triplane					
STRK	BAC Strikemaster					
STRM	SG AVIATION Storm					
STST	CFM Star Streak					
SU7	SUKHOI Su-7					
SU80	SUKHOI Su-80					
SU95	SUKHOI Superjet 100-95					
SUBA	FUJI FA-200 Aero Subaru					
SUCO	BELL 209 SuperCobra					
SUNB	VERILITE Sunbird					
SUNV	FOKKER Super Universal					
SURN	KOREA AEROSPACE Surion					
SURU	IPT Surubim					
SUSO	VSTOL Super Solution					
SV4	NORD SV-4					
SVNH	AEROTEC Savannah					
SW18	SKYWOOD Teddy					
SW2	SWEARINGEN Merlin 2					
SW3	SWEARINGEN Merlin 3					
SW4	SWEARINGEN Metro					
SWAK	WARNER Sportster					
SWAT	BHARAT Swati					
SWFT	SCALED Swift					
SWIF	SUPERMARINE Swift					
SWIN	S-Wing					
SX30	SWEARINGEN SX-300					
SYCA	BRISTOL Sycamore					
SYMP	OMF Symphony					
SYNC	FLY SYNTHESIS Syncro					
SZ45	SZD 45 Ogar					
SZ9M	YALO Bocian M-2000					
T1	FUJI T1F					
T10	TMM-AVIA T-10 Avia-Tor					
T101	AEROPROGRESS T-101 Grach					
T134	TUPOLEV Tu-134					
T154	TUPOLEV Tu-154					
T18	THORP Tiger					
T19	THK T-19 Turkkusu					
T2	NORTH AMERICAN T-2 Buckeye					
T204	TUPOLEV Tu-204/214/224/234					
T206	CESSNA T206 Turbo Stationair					
T210	CESSNA T210 Turbo Centurion					
T211	INDUS T-211					
T250	BELLANCA T-250 Aries					
T28	NORTH AMERICAN T-28					
T30	TERZI T-30 Katana					
T334	TUPOLEV Tu-334					
T34P	BEECH T-34 Mentor					
T34T	BEECH T-34C Turbo Mentor					
T35	TEMCO Buckaroo					
T37	CESSNA 318					
T4	KAWASAKI T-4					
T40	TURNER T-40					
T411	KHRUNICHEV T-411 Aist					
T415	KHRUNICHEV T-415 Snegir					
T419	KHRUNICHEV T-419 Strekoza					
T5	FUTJI T-5					
T50	CESSNA Bobcat					
T51	TITAN T-51 Mustang					
T6	NORTH AMERICAN T-6 Texan					
T7	FUJI T-7					
TA15	TAYLORCRAFT 15 Foursome					
TA16	THURSTON TA-16 Trojan					
TA20	TAYLORCRAFT 20 Topper					
TAA1	SCALED TAA-1					
TAGO	TEAM TANGO Tango-2					
TAIL	WITTMAN Tailwind					
TAMP	SOCATA TB-9 Tampico					
TARO	ANAHUAC Tauro					
TARR	PELEGRIN Tarragon					
TAYA	TAYLORCRAFT A					
TAYB	TAYLORCRAFT BC/BF/BL					
TAYD	TAYLORCRAFT DC/DF/DL					
TB05	AMC Texas Bullet 205					
TB20	SOCATA TB-20 Trinidad					
TB21	SOCATA TB-21 Trinidad TC					
TB30	SOCATA TB-30 Epsilon					
TB31	SOCATA TB-31 Omega					
TBEE	UNITED CONSULTANT Twin Bee					
TBM	GRUMMAN G-40 Avenger					
TBM7	SOCATA TBM-700A/B/C					
TBM8	SOCATA TBM-850					
TBM9	SOCATA TBM-900/910/930/940					
TBR3	GOLDEN CIRCLE T-Bird 3					
TC2	AERO MIRAGE TC-2					
TCOU	HELIO Twin Courier					
TD1	TAIWAN DANCER TD-1					
TD2	TURBINE DESIGN Tempest					
TD3	TAIWAN DANCER Alluvion Legend					
TEAL	THURSTON Teal					
TERM	SMITH Termite					
TERR	FOXCON Terrier					
TEX2	BEECHCRAFT T-6 Texan 2					
TEXA	FLY SYNTHESIS Texan					
TF19	TAYLORCRAFT F-19 Sportsman					
TF21	TAYLORCRAFT F-21					
TF22	TAYLORCRAFT F-22					
TFK2	TECHNOFLUG TFK-2 Carat					
TFOC	THUNDER WINGS Fw-190					
TFUN	VALENTIN Taifun					
TGRS	LANCAIR Tigress					
TIAD	TRIKE ICAROS Adventure					
TIGR	AIRBUS HELICOPTERS EC-665 Tiger					
TIJU	AVIONS FAIREY Tipsy Junior					
TIPB	AVIONS FAIREY Tipsy Trainer					
TJET	MAVERICK Twin Jet					
TL20	TL ULTRALIGHT TL-2000 Sting					
TL30	TL ULTRALIGHT TL-3000 Sirius					
TLEG	LEGEND Turbine Legend					
TM5	TM AIRCRAFT TM-5					
TMOT	FISHER R-80 Tiger Moth					
TMUS	PAPA 51 Thunder Mustang					
TNAV	TEMCO Twin Navion					
TNDR	DREAM Tundra					
TOBA	SOCATA Tobago					
TOOT	MEYER Little Toot					
TOUR	MILLICER Airtourer					
TOXO	CAG Toxo					
TP40	THUNDER WINGS Curtiss P-40					
TPIL	ENAER T-35 Aucan					
TPIN	SCOTTISH AVIATION Twin Pioneer					
TR1	TRIDENT Trigull					
TR20	FEUGRAY TR-200					
TR26	FEUGRAY TR-260 Sirius					
TR55	3XTRIM Navigator 600					
TRAL	GROPPO Trail					
TRAP	CAPELLA T-Raptor					
TRBA	PODESVA Trener Baby					
TRDO	TITAN Tornado SS					
TRF1	TEAM ROCKET F-1					
TRIS	BRITTEN-NORMAN Trislander					
TRMA	STINSON A Tri-Motor					
TRWN	PACIFIC AIRMOTIVE Tradewind					
TS11	PZL-MIELEC TS-11 Iskra					
TS14	TEST TST-14 Bonus					
TS1J	JONKER Revelation					
TS8	PZL-MIELEC TS-8 Bies					
TSPT	THUNDER WINGS Supermarine Spitfire					
TSTN	TERRAFUGIA Transition					
TSTR	FARRINGTON Twinstar					
TT62	HPA Alekto					
TTRS	HUMBERT Tetras					
TTWO	PARKER Teenie Two					
TU16	TUPOLEV Tu-6					
TU95	TUPOLEV Tu-142					
TUCA	EMBRAER EMB-312 Tucano					
TUCR	FLYING LEGEND Tucano Replica					
TUCT	FLYING LEGEND Turbine Tucano Replica					
TUL3	PODESVA Amigo					
TUTR	AVRO Tutor					
TVL4	TRAVEL AIR 4000					
TVLB	TRAVEL AIR 2000					
TWEN	TECNAM Twenty-Ten					
TWIR	DYNAERO Twin-R					
TWR						
TWSP	TIME WARP Spitfire					
TWST	SILENCE Twister					
TZRV	IRIAF Tazarve					
U15	PHOENIX AIR Phoenix					
U21	BEECH U-21 Ute					
U22	BEECH QU-22					
UBAT	AUSTRALITE Ultrabat					
UF10	URBAN UFM-10 Samba					
UF13	URBAN UFM-13 Lambada					
UFHT	UFO HeliThruster					
UH12	HILLER UH-12					
UHEL						
UL10	ULTIMATE Albertan					
UL20	STREAMLINE WELDING 20					
UL2F	AEROS UL-2000 Flamingo					
UL39	CVUT UL-39 Albi					
UL45	3XTRIM Ultra					
ULAC						
ULPA	ULLMANN Panther					
ULTS	AMERICAN SPORTSCOPTER Ultrasport 496					
UM18	FAIRCHILD F-18 Flymobil					
UNIV	NEIVA Universal					
URRA	IBIS Urraco					
US1	SHINMAYWA US-1					
US2	SHINMAYWA US-2					
UT60	UTVA 60					
UT65	UTVA 65					
UT66	UTVA 66					
UT75	UTVA 75					
UU12	UDET Flamingo Replica					
V1	GRUMMAN Mohawk					
V221	MSW Votec 221					
V252	MSW Votec 252					
V280	BELL Valor					
V322	MSW Votec 322					
V351	MSW Votec 351					
V452	MSW Votec 452					
V500	REVOLUTION Voyager 500					
V8SP	BEACHNER V-8 Special					
VALI	CONVAIR Valiant					
VANT	VISIONAIRE Vantage					
VAUT	SUD Vautour					
VELO	Velocity					
VELT	VELOCITY V-Twin					
VENT	SCHEMPP-HIRTH Ventus					
VEZE	RUTAN VariEze					
VF2	FRY Esprit					
VF60	VULCANAIR Mission					
VFHC						
VG3T	AVIAKIT Vega 3000					
VGUL	PERCIVAL Vega Gull					
VIMA	VALTION Viima					
VIMY	VICKERS Vimy Replica					
VIPJ	VIPER ViperJet					
VIPR	PAXMANS Viper					
VISI	PRO-COMPOSITES Vision					
VIVA	COMPOSIT AIRPLANES Viva					
VIX	SKYSTAR Kitfox Voyager					
VIXN	AMAX Vixen					
VJ22	VOLMER Sportsman					
VK3P	CIRRUS VK-30 Cirrus					
VK3T	CIRRUS VK-30 Turbine					
VL3	AVEKO Flamingo					
VLOT	VELOCITY XL Turbine					
VLTT	VELOCITY XL Twin Turbine					
VM1	VOL MEDITERRANI VM-1 Esqual					
VMT	MYASISHCHEV VM-T Atlant					
VNOM	DE HAVILLAND DH-112 Venom					
VNTE	SCHEMPP-HIRTH Ventus 3F					
VNTR	ICP Ventura					
A1	DOUGLAS A-1 Skyraider		Y			
VO10	NORTH AMERICAN ROCKWELL Commander 100					
VOL2	VOLANTE Two					
VP2	EVANS Volksplane					
VR20	EGVOYAGER VR-203					
VR7	VASHON Ranger R7					
VSON	AMERICAN AFFORDABLE Vision					
VTOR	VULCANAIR Viator					
VTRA	RANS Venterra					
VTUR	QUESTAIR Venture					
VUT1	EVEKTOR Cobra					
VVIG	RUTAN VariViggen					
VW10	AIRCONCEPT Airbuggy					
VWIT	WITTMAN V-Witt					
W11	WOLF Boredom Fighter					
W201	WEATHERLY 201/620					
W3	PZL-SWIDNIK W-3					
W5BC	LUCEAIR W-5 Buttercup					
W62T	WEATHERLY 620TP					
WA40	WASSMER WA-40 Super 4					
WA41	WASSMER WA-41 Baladou					
WA42	WASSMER WA-421 Prestige					
WA50	WASSMER WA-54 Atlantic					
WA80	WASSMER WA-81 Piranha					
WAC9	WACO 9					
WACA	ULA					
WACC	WACO C/S					
WACD	WACO D					
WACE	WACO Aristocrat					
WACF	WACO F					
WACG	WACO G					
WACM	WACO JWM/JYM					
WACN	WACO AVN/ZVN					
WACO	WACO E/O					
WACT	WACO RPT					
WAIX	SONEX Waiex					
WASP	WESTLAND Wasp					
WB57	MARTIN 272					
WBOO	DEAN-WILSON Whitney Boomerang					
WDEX	WINDEXAIR Windex					
WESX	WESTLAND Wessex					
WG30	WESTLAND WG-30					
WH1	WENDT Traveler					
WH4	HALL Harpoon					
WHAT	WHATLEY Special					
WHIL	WHITE LIGHTNING WLAC-1					
WHIS	GROVE Whisper					
WHIT	MILES Whitney Straight					
WICH	JAVELIN Wichawk					
WILT	ULTRALEICHTBAU Wild Thing					
WIND	WATSON Windwagon					
WINE	WINDECKER Eagle					
WIRR	COMMONWEALTH Wirraway					
WISP	Whisper					
WLBY	FLY SYNTHESIS Wallaby					
WM2	MILLER WM-2					
WOPU	WOODS Woody Pusher					
WS22	PRING WS-202 Sprint					
WSP	AAK Wasp					
WT10	AEROSPOOL WT-10 Advantic					
WT9	AEROSPOOL WT-9 Dynamic					
WUSH	WUEST Seahawk/seagle/Shark					
WW1	WHITE Der Jaeger D-9					
WW23	IAI 1123 Westwind					
WW24	IAI 1124 Westwind					
WZ10	CHANGHE WZ-10					
WZER	WAR Mitsubishi Zero					
X2	SIKORSKY X-2					
X29	GRUMMAN X-29					
X3	EUROCOPTER X-3					
X32	BOEING X-32					
X4	ROBIN X-4					
X49	SIKORSKY X-49 SpeedHawk					
X55	LOCKHED MARTIN X-55					
XA41	XTREMAIR XA-41					
XA42	XTREMAIR XA-42					
XA85	RAJ HAMSA XA-85					
XAIR	RAJ HAMSA X-AIR Falcon					
XB1	BOOM XB-1					
XL2	LIBERTY XL-2					
XNON	CELIER Xenon					
XNOS	SONEX Xenos					
XV15	BELL 301					
Y11	HARBIN Y-11					
Y112	YAKOVLEV Yak-112					
Y12	HARBIN Y-12E Harbinger					
Y12F	HARBIN Y-12F Aircar					
Y130	YAKOVLEV Yak-130					
Y141	YAKOVLEV Yak-141					
Y18T	YAKOVLEV Yak-18T					
Y20	XIAN Kunpeng					
YA1	YEOMAN Cropmaster					
YAK3	YAKOVLEV Yak-3					
YAK9	YAKOVLEV Yak-9					
YALE	NORTH AMERICAN Yale					
YARR	ARROW Yarrow Arrow					
YAST	SGAU Yastreb					
YC12	CHASLE  Tourbillon					
YK11	YAKOVLEV Yak-11					
YK12	YAKOVLEV Yak-12					
YK18	YAKOVLEV Yak-18U					
YK28	YAKOVLEV Yak-28					
YK30	YAKOVLEV Yak-32					
YK38	YAKOVLEV Yak-38					
YK40	YAKOVLEV Yak-40					
YK42	YAKOVLEV Yak-142					
YK50	YAKOVLEV Yak-50					
YK52	YAKOVLEV Yak-52					
YK53	YAKOVLEV Yak-53					
YK54	YAKOVLEV Yak-54					
YK55	YAKOVLEV Yak-55					
YK58	YAKOVLEV Yak-58					
YL15	BOEING 451 Scout					
YNHL	AVIAIMPEX KT-112 Yanhol					
YS11	MITSUBISHI YS-11					
YUKN	MURPHY Yukon					
YUNO	SHUYA Yunona					
YURO	SOKO_CNIAR NJ-22 Orao					
Z22	ZLIN Z-22 Junak					
Z26	ZLIN Z-26/126/226/326/526/626/726					
Z37P	LET Z-37 Cmelak					
Z37T	MORAVAN Z-137 Agro Turbo					
Z42	ZLIN Z-42/142/242					
Z43	ZLIN Z-43/143					
Z50	ZLIN Z-50					
ZA6	AEROKOPTER ZA-6 Sanka					
ZEFR	CURTI Zefhir					
ZEP2	ARNET PEREYRA Zephyr 2					
ZEPH	ATEC Zephyr					
ZIA	APPLEBAY Zia					
ZIU	TAI ZIU					
ZULU	BUL Zulu					
ZZZZ						
A10	FAIRCHILD A-10 Thunderbolt II	Y				
A124	ANTONOV An-124 Ruslan					Y
A225	ANTONOV An-225 Mriya					Y
AN12	ANTONOV An-12					Y
AN22	ANTONOV An-22 Antheus					Y
ATLA	BREGUET Atlantic	Y				
B23	DOUGLAS B-23 Dragon		Y			
B24	CONSOLIDATED B-24 Liberator		Y			
AN2	ANTONOV An-2					
B25	NORTH AMERICAN B-25 Mitchell		Y			
B26	DOUGLAS A-26 Invader		Y			
B26M	MARTIN B-26 Marauder		Y			
B29	BOEING B-29 Superfortress		Y			
B52	BOEING B-52 Stratofortress	Y				
B701	BOEING 707-100					Y
B703	BOEING 707-300					Y
B720	BOEING 720					Y
B721	BOEING 727-100					Y
B722	BOEING 727-200					Y
B741	BOEING 747-100					Y
B74S	BOEING 747SP					Y
BT7	BOEING T-7 Red Hawk	Y				
C1	KAWASAKI C-1	Y				
C119	FAIRCHILD C-119 Flying Boxcar					Y
C135	BOEING NC-135	Y				
C141	LOCKHEED C-141 Starlifter	Y				Y
C15	MCDONNELL DOUGLAS YC-15	Y				Y
C17	BOEING C-17 Globemaster 3	Y				
C2	GRUMMAN C-2 Greyhound	Y				
C27J	ALENIA C-27J Spartan	Y				
C295	CASA C-295 Persuader	Y				
C30J	LOCKHEED MARTIN C-130J Super Hercules	Y				
C46	CURTISS C-46 Commando		Y			
C5M	LOCKHEED C-5 Super Galaxy	Y				
C97	BOEING C-97 Stratofreighter		Y			Y
CAML	SOPWITH Camel Replica		Y			
CARV	AVIATION TRADERS ATL-98 Carvair					Y
CAT	CANADAIR Catalina					Y
CL2T	CANADAIR CL-415 SuperScooper				Y	
CL4G	CANADAIR CL-44 Guppy				Y	Y
CLB1	NORTH AMERICAN ROCKWELL B-1 Snipe Commander	Y				
CONI	LOCKHED Constellation		Y			Y
CORS	CHANCE VOUGHT F4U Corsair		Y			
D28D	DORNIER Do-28D Skyservant		Y			Y
D28T	DORNIER Do-28D-6 Turbo Skyservant					Y
D7	FOKKER D-7 Replica		Y			
D8	FOKKER D-8 Replica		Y			
DC2	DOUGLAS DC-2		Y			
DC3	DOUGLAS DC-3 Dakota		Y			
DC3S	DOUGLAS DC-3 Super Dakota					Y
DC3T	DOUGLAS DC-3 Turbine Dakota					Y
DC4	DOUGLAS DC-4 Skymaster		Y			
DC6	DOUGLAS DC-6 Liftmaster		Y			
DC7	DOUGLAS DC-7 Seven Seas		Y			
DC85	MCDONNELL DOUGLAS DC-8-50					Y
DC86	MCDONNELL DOUGLAS DC-8-60					Y
DC87	MCDONNELL DOUGLAS DC-8-70					Y
E3CF	BOEING E-3 Sentry (CFM56)	Y				
E3TF	BOEING E-3 Sentry (TF33)	Y				
E6	BOEING E-6 Mercury	Y				
E737	BOEING 737-700 AEWC	Y				
E767	BOEING E-767	Y				
F111	GENERAL DYNAMICS F-111 Raven	Y	Y			
F117	LOCKHEED F-117 Nighthawk		Y			
F13	JUNKER F-13 Replica		Y			
F14	GRUMMAN F-14 Tomcat	Y	Y			
F15	MCDONNELL-DOUGLAS F-15 Eagle	Y				
F16	GENERAL DYNAMICS F-16 Fighting Falcon	Y				
F16X	GENERAL DYNAMICS F-16XL Fighting Falcon	Y				
F18H	BOEING FA-18 HORNET	Y				
F18S	BOEING FA-18 SUPER HORNET	Y				
F22	LOCKHEED MARTIN F-22 Raptor	Y				
FC1	CHENGDU FC-1 Super 7	Y				
FS51	FALCONAIR P-51D Mustang		Y			
FURY	HAWKER Fury		Y			
FW44	FOCKE-WULF Fw-44 Stieglitz		Y			
FW90	FOCKE-WULF Fw-190 Replica		Y			
G21	GRUMMAN G-21A Goose		Y			
G21M	MCKINNON G-21C/D Goose		Y			
G21T	MCKINNON G-21E/G Turbo Goose		Y			
G222	ALENIA C-27A Spartan	Y				
G91	FIAT G-91R		Y			
GANT	FAIREY Gannet		Y			
GAUN	GLOSTER Gauntlet		Y			
GNAT	HAWKER SIDDELEY Gnat		Y			
H111	HEINKEL He-111		Y			
H46	BOEING-VERTOL CH-46 Sea Knight	Y				
H47	BOEING-VERTOL CH-47 Chinook	Y				
H53	SIKORSKY CH-53	Y				
H53S	SIKORSKY CH-53 Super Stallion	Y				
H60	SIKORSKY UH-60 Black Hawk	Y				
H64	MCDONNELL DOUGLAS AH-64 Apache	Y				
HAWK	BRITISH AEROSPACE T-45 Goshawk	Y	Y			
HCAT	GRUMMAN F6F Hellcat		Y			
HF20	MBB HFB-320 Hansa		Y			
HRYA	HISTORICAL AIRCRAFT Ryan Trainer		Y			
HUCO	BELL AH-1 HueyCobra	Y	Y			
HUNT	HAWKER Hunter	Y	Y			
HURI	HAWKER Hurricane		Y			
IL14	ILYUSHIN Il-14		Y			
IL18	ILYUSHIN Il-18		Y			
IL62	ILYUSHIN Il-62		Y			
IL76	ILYUSHIN Il-76/82					Y
IL86	ILYUSHIN Il-87					Y
IL96	ILYUSHIN Il-96					Y
J10	CHENGDU F-10	Y				
J20	CHENGDU J-20	Y				
J8A	SHENYANG J-8	Y				
J8B	SHENYANG J-8	Y				
JAGR	HINDUSTAN Jaguar	Y				
JPRO	BAC P-84 Jet Provost		Y			
JU52	JUNKERS Ju-52/3m		Y			
K35E	BOEING KC-35E Stratotanker	Y				
K35R	BOEING KC-135R/T Stratotanker	Y				
K50	KOREA AEROSPACE T-50 Golden Eagle	Y				
KC2	KAWASAKI C-2	Y				
KE3	BOEING KE-3	Y				
KFIR	IAI Kfir	Y				
L10	LOCKHEED L-10 Electra		Y			
L101	LOCKHEED L-1011 TriStar					Y
L159	AERO L-159 Albatros 2	Y				
L188	LOCKHEED L-188 Electra					Y
L39	LET L-39 Albatros	Y				
LANC	AVRO Lancaster		Y			
LTNG	BAC Lightning		Y			
M339	AERMACCHI MB-339	Y				
M404	MARTIN 404		Y			
MARS	MARTIN Mars		Y		Y	
ME08	MESSERSCHMITT Bf-108 Taifun		Y			
ME09	MESSERSCHMITT Bf-109		Y			
ME62	MESSERSCHMITT Me-262 Replica		Y			
MG21	MIKOYAN MiG-21	Y				
MG23	MIKOYAN MiG-23/27	Y				
MG25	MIKOYAN MiG-25	Y				
MG29	MIKOYAN MiG-29/33/35	Y				
MG31	MIKOYAN MiG-31	Y				
MG44	MIKOYAN MiG 1-44	Y				
MIR2	DASSAULT Mirage 2000	Y				
MIRA	DASSAULT Mirage 3	Y	Y			
MJ1H	JURCA MJ-100 Spitfire Replica		Y			
MJ80	JURCA MJ-80 Focke-Wulf Fw-190 Replica		Y			
MJ90	JURCA MJ-90 Messerschmitt Bf-109 Replica		Y			
MRF1	DASSAULT Mirage F1	Y				
C160	TRANSALL C-160					Y
N262	AEROSPATIALE N-262	Y				
NH90	NHI NH-90	Y				
NORA	NORD Noratlas		Y			
P1	KAWASAKI P-1	Y				
P2	LOCKHEED Neptune	Y	Y			
P3	LOCKHEED P-3 Orion	Y				
P38	LOCKHEED P-38 Lightning		Y			
P39	BELL P-39 Airacobra		Y			
P40	CURTISS P-40 Kittyhawk		Y			
P47	REPUBLIC F-47 Thunderbolt		Y			
P51	NORTH AMERICAN P-51 Mustang		Y			
P61	NORTHROP P-61 Black Widow		Y			
P63	BELL P-63 Kingcobra		Y			
P8	BOEING P-8 Poseidon	Y				
Q9	GENERAL ATOMICS MQ-9 Reaper	Y				
R135	BOEING RC-135	Y				
RFAL	DASSAULT Rafale	Y				
S2P	GRUMMAN S-2 Tracker		Y			
S2T	GRUMMAN S-2 Turbo Tracker		Y			
S3	LOCKHEED S-3 Viking		Y			
S37	SUKHOI Su-47 Berkut	Y				
S51	SIKORSKY S-51		Y			
S51D	STEWARD S-51D		Y			
S52	SIKORSKY S-52		Y			
S55P	SIKORSKY S-55 Chickasaw		Y			
S55T	SIKORKSY S-55T Whirlwind 3		Y			
S58P	SIKORSKY S-58		Y			
S58T	SIKORSKY S-58T		Y			
S61	SIKORSKY S-61 Sea King	Y				
S61R	SIKORSKY S-61R	Y				
S62	SIKORKSY S-62 Seaguard	Y				
S64	SIKORSKY S-64 Skycrane					Y
S76	SIKORSKY S-76 Spirit					
SASP	SUPERMARINE AIRCRAFT Spitfire Mk25/26		Y			
SB32	SAAB 32 Lansen		Y			
SB35	SAAB 35 Draken		Y			
SB37	SAAB 37 Viggen	Y	Y			
SB39	SAAB 39 Gripen	Y				
SPIT	SUPERMARINE Spitfire		Y			
SS2	RUTAN Space Ship Two					Y
SU17	SUKHOI Su-17/20/22		Y			
SU24	SUKHOI Su-24	Y				
SU25	SUKHOI Su-25/28/39	Y				
SU26	SUKHOI Su-26	Y				
SU27	SUKHOI Su-27/30/32/33/34/35/37	Y				
SU29	SUKHOI Su-29	Y				
SU31	SUKHOI Su-31	Y				
SU38	SUKHOI Su-38	Y				
SU57	SUKHOI Su-57	Y				
SWOR	FAIREY Swordfish		Y			
T160	TUPOLEV Tu-160	Y				
T22M	TUPOLEV Tu-22M	Y				
T33	LOCKHEED T-33	Y				
T38	NORTHROP T-38 Talon	Y				
TCAT	GRUMMAN F7F Tigercat		Y			
TOR	PANAVIA Tornado	Y				
TRIM	FORD Tri-Motor		Y			
TU22	TUPOLEV Tu-22	Y				
U16	GRUMMAN Albatross		Y			
U2	LOCKHEED U-2	Y				
UH1	BELL UH-1 Huey	Y				
UH1Y	BELL UH-1Y	Y				
V10	NORTH AMERICAN OV-10 Bronco		Y			
V22	BELL-BOEING V-22 Osprey	Y				
VAMP	DE HAVILLAND DH-100/115 Vampire		Y			
VF35	LOCKHEED-MARTIN F-35B Lightning 2	Y				
W135	BOEING WC-135R	Y				
WCAT	GRUMMAN F4F Wildcat		Y			
WF4U	WAR Vought F4U Corsair		Y			
WFOC	WAR Focke-Wulf 190		Y			
WFUR	WAR Hawker Sea Fury		Y			
WHK2	RUTAN White Knight Two					Y
WHKN	RUTAN White Knight					Y
WP40	WAR Curtiss P-40 Kittyhawk		Y			
WP47	WAR Republic P-47 Thunderbolt		Y			
X47B	NORTHROP GRUMMAN X-47B		Y			
ZERO	MITSUBISHI Zero		Y			
C390	EMBRAER EMB-390	Y				
C130	LOCKHEED C-130 Hercules					
